code,name,bao_hanh,base_price,slase_price,img_directory,infor_product
KBAS026,Bàn phím chơi game Asus TUF K5 (USB/RGB/Đen) ,24 tháng,1299000,989000,Categories/img/Keyboard/250_55028_ban_phim_choi_game_asus_tuf_k5_usb_rgb_den_0004_5.jpg,"- Bàn phím chơi game Asus TUF K5 (USB/RGB/Đen).- Công tắc phím Mech-Brane của TUF Gaming và khả năng chống mất kí tự khi gõ nhiều phím một lúc với chức năng nhận đồng thời tối đa 24 phím giúp tăng độ phản hồi và hiệu quả tin cậy.- Đã được kiểm chứng với tác vụ nặng, được trang bị lớp mạ chuyên dụng để tăng cường độ bền và chống tràn nước để chơi game mỗi ngày.- Năm vùng đèn led ASUS Aura Sync RGB có thể tùy biến độc lập với tính năng đồng bộ hóa đa thiết bị để đạt được khả năng chiếu sáng vô hạn.- Các phím đa phương tiện chuyên dụng ở phía trên bên trái để điều chỉnh âm lượng tức thì mà không làm ngắt quãng trong khi bạn đang chơi game."
KBAS013,Bàn phím cơ Asus ROG Claymore Core RGB Aura Sync Cherry Blue switch,24 tháng,0,3789000,Categories/img/Keyboard/250_40590_rog_claymore_core_3.jpg,"- Bàn phím Asus ROG Claymore Core.- Các phím được chiếu đèn nền riêng với công nghệ LED Aura Sync RGB cho vô số tùy chọn cá nhân hóa.- Các phím có thể được lập trình toàn diện với chế độ ghi macro bất cứ lúc nào.- Công nghệ chống sót phím 100% với khả năng ghi nhận N phím cùng lúc (NKRO).- Phím nóng cho tốc độ quạt, ánh sáng và điều khiển ép xung khi được kết hợp với bo mạch chủ ASUS ROG."
KBAS014,Bàn phím cơ Asus US ROG Claymore Core RGB Aura Sync Cherry Red switch,24 tháng,0,3789000,Categories/img/Keyboard/250_40591_rog_claymore_core_3.jpg,"- Bàn phím Asus ROG Claymore Core.- Các phím được chiếu đèn nền riêng với công nghệ LED Aura Sync RGB cho vô số tùy chọn cá nhân hóa.- Các phím có thể được lập trình toàn diện với chế độ ghi macro bất cứ lúc nào.- Công nghệ chống sót phím 100% với khả năng ghi nhận N phím cùng lúc (NKRO).- Phím nóng cho tốc độ quạt, ánh sáng và điều khiển ép xung khi được kết hợp với bo mạch chủ ASUS ROG."
KBAS022,Bàn phím Asus ROG Strix Scope RGB Red switch,24 tháng,3999000,3589000,Categories/img/Keyboard/250_52945_01_rog_strix_scope_3d_6_aura_silver_keycap.png,"- Bàn phím Asus ROG Strix Scope Blue switch.- Lý tưởng cho các game FPS: phím Ctrl lớn gấp đôi, thiết kế công thái học giúp giảm nhấn phím nhầm để tăng độ chính xác FPS.- Phím chuyển đổi nhanh: Chuyển đổi tức thì giữa phím chức năng và phím đa phương tiện.- Phím ẩn: Nhấn để ẩn mọi ứng dụng và tắt âm thanh để vào chế độ riêng tư; nhấn lần nữa để hiển thị trở lại.- Công tắc Cherry MX: Công tắc phím được sản xuất tại Đức và được kiểm nghiệm chi tiết độ phản hồi trên từng phím bấm để đảm bảo độ chính xác.."
KBFC073,Bàn phím cơ Filco Majestouch Convertible 2 Blue switch 104 Black - FKBC104MC/EB2,24 tháng,4169000,3999000,Categories/img/Keyboard/250_27101_keyboard_filco_majestouch_convertible_2_blue_switch_104_black_fkbc104mceb2_0003_1.jpg,"- Bàn phím cơ của Filco đến từ Nhật Bản.- Có khả năng kết nối Bluetooth, sử dụng cùng 1 lúc với 5 thiết bị khác nhau.- Ipad/Iphone/Tablet/PC/Laptop.- Độ bền rất cao, đã được cộng đồng thế giới ghi nhận.- Chân chống phụ bọc cao su giúp tăng khả năng ma sát với mặt bàn."
KBLO070,Bàn phím Logitech K270 Wireless Black,24 tháng,0,459000,Categories/img/Keyboard/250_36269_keyboard_logitech_k270_wireless_black_0000_1.jpg,- Bàn phím Logitech K270 Wireless.- Kết nối không dây thuận tiện.- Đầu thu Logitech Unifying.- Tuổi thọ pin lên đến 24 tháng.
KBLP060,Bàn phím cơ Leopold FC750R PD TKL PBT Doubleshot Red switch Black ,24 tháng,0,2949000,Categories/img/Keyboard/250_37266_keyboard_leopold_fc750r_pd_tkl_pbt_doubleshot_red_switch_black_0000_4.jpg,"- Thương hiệu bàn phím cơ lâu đời đến từ Hàn Quốc.- Keycap chất liệu PBT Doubleshot siêu bền .- Sử dụng 100% Switch Cherry chất lượng cao nhất.- Không có hệ thống đèn Led, nhưng tối ưu tốt cảm giác gõ.- Dây cáp Mini-USB có thể tháo rời."
KBCS049,Bàn phím cơ Corsair K70 RGB MK2 SE Mechanical Cherry MX Speed,24 tháng,4549000,3599000,Categories/img/Keyboard/250_42939_keyboard_corsair_k70_rgb_mk_2_se_mechanical_cherry_mx_speed_0004_1.jpg,"- Phiên bản nâng cấp và thay thế cho Corsair K70 RGB.- Phiên bản đặc biệt của K70 RGB MK2 có tông màu trắng.- Sử dụng Switch Cherry MX RGB chất lượng cao cấp nhất.- Đi kèm sẵn Keycap PBT Doubleshot, cho cảm giác gõ tuyệt vời.- Hệ thống Led RGB 16,8 triệu màu tùy chỉnh qua Driver CUE*."
KBDG001,Bàn phím cơ Durgod Taurus K310 Space Gray Mechanical Cherry Brown Switch US,24 tháng,0,2249000,Categories/img/Keyboard/250_44599_keyboard_durgod_taurus_k310_space_gray_mechanical_cherry_brown_switch_us_0000_1.jpg,"- Thương hiệu bàn phím cơ Durgod hoàn toàn mới.- Được sản xuất và lắp ráp tại nhà máy uy tín tại Trung Quốc.- Chất lượng tổng thể cứng cáp, chắc chắn.- Switch sử dụng 100% Cherry MX from Germany.- Anti-Ghosting 100% và NKRO qua cổng USB."
KBDA025,Bàn phím cơ Dareu EK1280 RGB Mechanical Brown D Switch Black,24 tháng,0,1079000,Categories/img/Keyboard/250_46293_keyboard_dareu_ek1280_rgb_mechanical_brown_d_switch_black_1.jpg,- Bàn phím cơ Dareu EK1280.- Thiết kế fullsize 104 phím.- Sử dụng D switch độc quyền DareU.- Đèn led RGB 16.8 triệu màu.
KBED013,Bàn phím cơ E-Dra EK387 Mechanical Gaming Outemu Brown switch led RGB,24 tháng,749000,649000,Categories/img/Keyboard/250_49006_ban_phim_e_dra_ek387_mechanical_gaming_outemu_brown_switch_led_rgb.jpg,- Bàn phím E-Dra EK387 RGB.- Phiên bản nâng cấp với led RGB 16.8 triệu màu.- Thiết kế 87 phím nhỏ gọn.- Sử dung switch Outemu.- Keycaps ABS Double shot.
KBAK085,Bàn phím AKKO ACG84 Dragon Ball Super Goku - Akko switch blue,24 tháng,2199000,1499000,Categories/img/Keyboard/250_54621_ban_phim_akko_acg84_dragon_ball_super_goku_akko_switch_blue_0003_4.jpg,"- Bàn phím AKKO ACG84 Dragon Ball Super Goku.- Model: 3084 (84 keys).- Kết nối: USB Type C, có thể tháo rời.- Hỗ trợ NKRO.- Keycap: PBT Dye-Subbed, OEM profile."
KBLO078,Bàn phím cơ Logitech G813 Lightsync RGB Mechanical Romer G Linear Gaming Keyboard Black,24 tháng,3999000,3599000,Categories/img/Keyboard/250_48243_keyboard_logitech_g813_lightsync_rgb_mechanical_romer_g_linear_gaming_keyboard_black_0001_1.jpg,"- Bàn phím cơ Logitech G813 RGB.- Thiết kế siêu mỏng, phím thấp,cho cảm giác gõ nhanh, mượt mà hơn.- Switch GL với chiều cao chỉ bằng 1 nửa so với switch thông thường, cho hành trình ngắn hơn và tốc độ phản hồi nhanh hơn.- Led RGB với công nghệ LightSync có khả năng lập trình.- Phím Multimedia hữu ích."
KBCM054,Bàn phím cơ chơi game Cooler Master SK630 Black (USB/Cherry Low Profile Red/RGB/Đen),24 tháng,3869000,3549000,Categories/img/Keyboard/250_51519_hnc_ban_phim_co_cooler_master_sk630_tkl_black_cherry_mx_low_profile_red_switch_rgb.jpg,"- Bàn phím cơ Cooler Master SK630 TKL Black Cherry MX Low Profile Red Switch RGB.- Sử dụng switch Cherry MX low-profile cho hành trình ngắn hơn và cảm giác gõ êm hơn.- Thiết kế TKL gọn nhẹ, keycap chiclet.- Led RGB 16.8 triệu màu."
KBRF005,Bàn phím cơ Realforce R2 Silent - Mechanical Topre 55gram switch TKL White R2TLS-US5-IV,24 tháng,6039000,4999000,Categories/img/Keyboard/250_47350_keyboard_realforce_r2_silent_mechanical_topre_55gram_switch_tkl_white_r2tls_us5_iv_0002_1.jpg,"- Bàn phím RealForce R2 Silent.- Thương hiệu bàn phím cơ cao cấp nhất đến từ Nhật bản.- Thiết kế layout TKL 87 phím gọn gàng.- Switch Topre cao cấp, mang lại cảm giác gõ mượt mà, êm ái.- Tiếng ổn được giảm thiểu tối đa."
KBDK180,Bàn phím cơ Ducky One 2 RGB Cherry Brown switch,24 tháng,3099000,2799000,Categories/img/Keyboard/250_46804_keyboard_ducky_one_2_rgb_cherry_brown_switch_0000_1.jpg,- Bàn phím Ducky One 2 RGB Cherry Brown switch.- Thiết kế fullsize 108 phím đầy đủ chức năng.- Day cáp Type-C tháo rời tiện lợi.- Led RGB 16.8 triệu màu với nhiều hiệu ứng.- Sử dụng switch Cherry MX RGB.
KBED020,Bàn phím cơ E-Dra EK300 Optical Switch Led USB,24 tháng,749000,699000,Categories/img/Keyboard/250_51136_ban_phim_co_e_dra_ek300_optical_switch_led_usb.jpg,- Bàn phím cơ E-Dra EK300 Optical Switch.- Switch quang cơ optical bền bỉ.- Tuổi thọ lên đến 100tr lần nhấn.- Led Rainbow.
KBDA040,Bàn Phím cơ Dareu EK880 (Red Switch/màu đen),24 tháng,839000,699000,Categories/img/Keyboard/250_51273_ban_phim_co_dareu_ek880_red_switch_mau_den_1.jpg,"- Bàn Phím cơ Dareu EK880.- Thiết kế gọn gàng, tối giản không gian sử dụng.- Build Quality chắc chắn, cực kì cứng cáp.- Font chữ được cải tiến mang phong cách Cao Cấp.- Loại switch cơ học D-Switch được cải tiến có chất lượng gõ tốt hơn.."
KBAK014,Bàn phím cơ AKKO 3108S RGB PRO Black Cherry MX Blue Switch ,24 tháng,0,2399000,Categories/img/Keyboard/250_51897_tong_the_ban_phim_co_akko_3108s_rgb_pro_black_cherry_mx_blue_switch.jpg,"- Bàn phím cơ AKKO 3108S RGB PRO Black Cherry MX Blue Switch .- Model: 3108 (Fullsize, 108 keys).- Kết nối: USB Type C, có thể tháo rời.- Hỗ trợ NKRO.- Keycap: PBT."
KBAK035,Bàn phím cơ Akko 3108 V2 Dragon Ball Z Vegeta (Akko Pink switch),24 tháng,1989000,1449000,Categories/img/Keyboard/250_53682_ban_phim_co_akko_3108_v2_dragon_ball_z_vegeta_akko_pink_switch_0000_1.jpg,- Bàn phím cơ Akko 3108 Dragon Ball Z Vegeta.- Layout full-size 108 phím.- Chuẩn kết nối USB type-C.- Sử dung switch Akko với độ bền lên đến 50 triệu lần nhấn .- Phiên bản đặc biệt với hoạ tiết mang phong cách của bộ truyện tranh Dragonball nổi tiếng.
KBAK091,Bàn phím AKKO 3087 Dragon Ball Z Goku (Akko Switch Blue),24 tháng,1859000,1490000,Categories/img/Keyboard/250_54674_ban_phim_akko_3087_dragon_ball_z_goku_akko_switch_blue_0002_3.jpg,- No information
KBAK099,Bàn phím AKKO 3084 DS Midnight (USB/Akko Switch Pink),12 tháng,1079000,899000,Categories/img/Keyboard/250_55403_ban_phim_akko_3084_ds_midnight_usb_akko_switch_pink_0002_3.jpg,"- Bàn phím AKKO 3084 DS Midnight.- Model: 3084 (84 keys).- Kết nối: USB Type C, có thể tháo rời – Kích thước: 315 x 127 x 40mm.- Hỗ trợ NKRO.- Keycap: PBT Double Shot, Cherry Profile – Switch: AKKO (Blue/Orange/Pink)."
KBKE021,Bàn phím cơ Keychron K6 W2 (Gateron Blue switch/nhôm/RGB/Hotswap),24 tháng,2629000,2189000,Categories/img/Keyboard/250_55571_ban_phim_co_keychron_k6_w2_gateron_blue_switch_nhom_rgb_hotswap.jpg,- Bàn phím cơ Keychron K6.- Thiết kế mini 65% gọn nhẹ .- Khung kim loại nhôm chắc chắn.- Kết nối : Bluetooth / Cáp Type-C tiện lợi. Kết nối cùng lúc với 3 thiết bị.- Tương thích tốt với Window / MAC.
KBAK122,Bàn phím cơ AKKO 3108 Honkai Impact 3rd-Seele Vollerei (USB/AKKO Orange switch),24 tháng,1759000,1599000,Categories/img/Keyboard/250_55913_ban_phim_co_akko_3108_honkai_impact_3rd_seele_vollerei_usb_akko_orange_switch_0001_2.jpg,"- Bàn phím cơ AKKO 3108 Honkai Impact 3rd-Seele Vollerei.- Model: 3108 (Fullsize, 108 keys).- Kết nối: USB Type C, có thể tháo rời – Kích thước: 442 x 140 x 40mm.- Hỗ trợ NKRO.- Keycap: PBT Dye-Subbed, OEM profile."
KBDA059,Bàn Phím cơ Dareu EK87 Pink White (USB/Multi LED/Blue switch),24 tháng,779000,649000,Categories/img/Keyboard/250_56036_ban_phim_co_dareu_ek87_pink_white_usb_multi_led_blue_switch.jpg,"- Bàn Phím cơ Dareu EK87 Pink White.- Phiên bản màu Hồng - Trắng.- LED màu HỒNG.- Nâng cấp Keycap ABS DoubleShot siêu bền.- Sử dụng switch ""D"" độc quyền."
KBAK128,Bàn phím Akko 3108 v2 Honkai Impact 3rd - Yae Sakura (Akko Orange sw),24 tháng,2419000,2099000,Categories/img/Keyboard/250_56590_ban_phim_akko_3108_v2_honkai_impact_3rd_yae_sakura_akko_orange_sw_0005_6.jpg,"- Bàn phím Akko 3108 v2 Honkai Impact 3rd - Yae Sakura.- Model: 3108 (Fullsize, 108 keys).- Kết nối: USB Type C, có thể tháo rời – Kích thước: 442 x 140 x 40mm.- Hỗ trợ NKRO.- Keycap: PBT Dye-Subbed, OEM profile."
KBFC074,Bàn phím cơ Filco Majestouch Convertible 2 Brown switch 104 Black - FKBC104M/EB2,24 tháng,0,4069000,Categories/img/Keyboard/250_27102_keyboard_filco_majestouch_convertible_2_brown_switch_104_black_fkbc104meb2_0003_1.jpg,"- Bàn phím cơ của Filco đến từ Nhật Bản.- Có khả năng kết nối Bluetooth, sử dụng cùng 1 lúc với 5 thiết bị khác nhau.- Ipad/Iphone/Tablet/PC/Laptop.- Độ bền rất cao, đã được cộng đồng thế giới ghi nhận.- Chân chống phụ bọc cao su giúp tăng khả năng ma sát với mặt bàn."
KBFC178,Bàn phím cơ Filco Majestouch Minila Air Matcha red switch  (FFBT67MRL/ECW),24 tháng,0,3729000,Categories/img/Keyboard/250_45096_filco_majestouch_minila_air_matcha_red_switch_ffbt67mrlecw_0002_1.jpg,- Thương hiệu Filco lừng danh Nhật Bản.- Phiên bản mới nhất của Filco Minila Air Bluetooth.- Thiết kế siêu gọn gàng với tông màu Matcha cá tính.- Công nghệ không dây Bluetooth kết nối với 3 thiết bị cùng lúc.- Sử dụng 2 viên pin AA để hoạt động.
KBDG062,Bàn phím cơ Durgod V87S RGB Mechanical Cherry Blue Switch Black,24 tháng,2889000,2499000,Categories/img/Keyboard/250_45291_keyboard_durgod_v87s_rgb_mechanical_cherry_blue_switch_black_0000_1.jpg,"- Thương hiệu bàn phím cơ Durgod hoàn toàn mới.- Được sản xuất và lắp ráp tại nhà máy uy tín tại Trung Quốc.- Chất lượng tổng thể cứng cáp, chắc chắn.- Switch sử dụng 100% Cherry MX from Germany.- Anti-Ghosting 100% và NKRO qua cổng USB."
KBDA026,Bàn phím cơ Dareu EK1280 RGB Mechanical Red D Switch Black,24 tháng,0,1079000,Categories/img/Keyboard/250_46294_keyboard_dareu_ek1280_rgb_mechanical_red_d_switch_black_1.jpg,- Bàn phím cơ Dareu EK1280.- Thiết kế fullsize 104 phím.- Sử dụng D switch độc quyền DareU.- Đèn led RGB 16.8 triệu màu.
KBED014,Bàn phím cơ E-Dra EK387 Mechanical Gaming Outemu Red switch led RGB,24 tháng,749000,649000,Categories/img/Keyboard/250_49007_ban_phim_e_dra_ek387_mechanical_gaming_outemu_red_switch_led_rgb.jpg,- Bàn phím E-Dra EK387 RGB.- Phiên bản nâng cấp với led RGB 16.8 triệu màu.- Thiết kế 87 phím nhỏ gọn.- Sử dung switch Outemu.- Keycaps ABS Double shot.
KBVM040,Bàn phím cơ Varmilo Numpad VA21M Sea Melody - Mechanical Cherry Red Switch,24 tháng,1599000,1109000,Categories/img/Keyboard/250_48467_ban_phim_co_varmilo_numpad_va21m_sea_melody_mechanical_cherry_red_switch_0001_1.jpg,"- Bàn phím cơ Varmilo Numpad VA21M Sea Melody.- Phiên bản đặc biệt Sea Melody mang phong cách biển cả sống động.- Cụm phím số với chức năng nhập số liệu, hỗ trợ cho các loại bàn phím Tenkeyless và 60%,v..v...- Keycap PBT Dye-sub bền bỉ.- Sử dung Switch Cherry MX tuổi thọ lâu dài và cho cảm giác gõ rất tốt."
KBAT002,Bàn phím game bán cơ A4tech B3370R,24 tháng,899000,799000,Categories/img/Keyboard/250_46844_keyboard_game_ban_co_bloody_by_a4tech_b3370r_1.jpg,"- Bàn phím A4tech B3370R.- Công tắc quang LK Optic.- 5 loại hiệu ứng ánh sáng, 2 chế độ RGB với 16.8 triệu màu .- Tần số 1000Hz/1ms."
KBLO077,Bàn phím cơ Logitech G813 Lightsync RGB Mechanical Romer G Tactile Gaming Keyboard Black,24 tháng,3999000,3599000,Categories/img/Keyboard/250_48242_keyboard_logitech_g813_lightsync_rgb_mechanical_romer_g_tactile_gaming_keyboard_black_0001_1.jpg,"- Bàn phím cơ Logitech G813 RGB.- Thiết kế siêu mỏng, phím thấp,cho cảm giác gõ nhanh, mượt mà hơn.- Switch GL với chiều cao chỉ bằng 1 nửa so với switch thông thường, cho hành trình ngắn hơn và tốc độ phản hồi nhanh hơn.- Led RGB với công nghệ LightSync có khả năng lập trình.- Phím Multimedia hữu ích."
KBLP168,Bàn phím cơ Leopold FC660MPD White Dark Grey Cherry Blue Switch,24 tháng,2749000,2499000,Categories/img/Keyboard/250_51750_mat_chinh_dien_ban_phim_co_leopold_fc660mpd_white_dark_grey_cherry_blue_switch.jpg,"- Bàn phím Leopold FC660M PD White Dark Grey.- Thương hiệu bàn phím cơ lâu đời đến từ Hàn Quốc.- Thiết kế layout 60% gọn nhẹ, dễ mang đi mang lại.- Keycap chất liệu PBT Doubleshot siêu bền.- Sử dụng 100% Switch Cherry chất lượng cao nhất được chọn lọc kĩ càng."
KBDK182,Bàn phím cơ Ducky One 2 RGB Cherry Red switch,24 tháng,3099000,2799000,Categories/img/Keyboard/250_46806_keyboard_ducky_one_2_rgb_cherry_red_switch_0000_1.jpg,- Bàn phím Ducky One 2 RGB Cherry Red switch.- Thiết kế fullsize 108 phím đầy đủ chức năng.- Day cáp Type-C tháo rời tiện lợi.- Led RGB 16.8 triệu màu với nhiều hiệu ứng.- Sử dụng switch Cherry MX RGB.
KBLP147,Bàn phím cơ Leopold FC980M PD Dark Gray / Yellow Font PBT Doubleshot Cherry Red switch ,24 tháng,4249000,3599000,Categories/img/Keyboard/250_49481_ban_phim_co_leopold_fc980m_pd_dark_gray_yellow_font_pbt_doubleshot_cherry_red_switch_0000_1.jpg,"- Thương hiệu bàn phím cơ lâu đời đến từ Hàn Quốc.- Phiên bản đặc biệt với thiết kế màu keycap đặc trưng và độc đáo.- Keycap chất liệu PBT Doubleshot siêu bền.- Sử dụng 100% Switch Cherry chất lượng cao nhất được chọn lọc kĩ càng.- Không có hệ thống đèn Led, nhưng tối ưu tốt cảm giác gõ."
KBSS033,Bàn phím cơ Steelseries Apex 7 TKL RGB Mechanical Red Switch US (64646),24 tháng,3539000,3099000,Categories/img/Keyboard/250_47955_ban_phim_co_apex_7_tkl_mechanical_red_switch_us_646464_1.jpg,"- Bàn phím cơ Steelseries Apex 7 TKL RGB.- Bàn phím sử dụng switch SteelSeries QX2 Red.- Độ bên trên 50 triệu lần bấm.- Vỏ phím làm bằng nhôm máy bay.- Tích hợp màn hình OLED hiển thị thông số Game, Discord....."
KBLP151,Bàn phím cơ Leopold FC660M PD Swedish White Case PBT Doubleshot Cherry Blue Switch,24 tháng,2749000,2399000,Categories/img/Keyboard/250_51332_ban_phim_co_leopold_fc660m_pd_swedish_white_case_pbt_doubleshot_cherry_blue_switch_0000_1.jpg,- Bàn phím cơ Leopold FC660M PD SWEDISH White case.- Phiên bản đặc biệt phong cách Cờ Thụy Điển với case trắng.- Thương hiệu bàn phím cơ lâu đời đến từ Hàn Quốc.- Thiết kế dạng 60% gọn nhẹ.- Keycap chất liệu PBT Doubleshot siêu bền.
KBDA039,Bàn Phím cơ Dareu EK880 (Brown Switch/màu đen),24 tháng,0,699000,Categories/img/Keyboard/250_51272_ban_phim_co_dareu_ek880_brown_switch_mau_den_1.jpg,"- Bàn Phím cơ Dareu EK880.- Thiết kế gọn gàng, tối giản không gian sử dụng.- Build Quality chắc chắn, cực kì cứng cáp.- Font chữ được cải tiến mang phong cách Cao Cấp.- Loại switch cơ học D-Switch được cải tiến có chất lượng gõ tốt hơn.."
KBAK015,Bàn phím cơ AKKO 3108S RGB PRO Black Cherry MX Brown Switch ,24 tháng,0,2399000,Categories/img/Keyboard/250_51898_tong_the_ban_phim_co_akko_3108s_rgb_pro_black_cherry_mx_brown_switch.jpg,"- Bàn phím cơ AKKO 3108S RGB PRO Black Cherry MX Brown Switch .- Model: 3108 (Fullsize, 108 keys).- Kết nối: USB Type C, có thể tháo rời.- Hỗ trợ NKRO.- Keycap: PBT."
KBKE001,Bàn phím cơ Keychron K2 Gateron Red switch A1,12 tháng,1999000,1689000,Categories/img/Keyboard/250_52947_ban_phim_co_keychron_k2_gateron_red_switch_a1.jpg,"- Bàn phím cơ Keychron K2 Gateron Red switch A1.- Thiết kế layout 75% đầy đủ chức năng, gọn nhẹ.- Kết nối cả Bluetooth lẫn dây type-C.- Led đơn màu.- Switch Gateron cho chất lượng gõ tốt ."
KBKE013,Bàn phím cơ Keychron K4 D1 (USB/Gateron Red sw/Led trắng),12 tháng,2219000,1849000,Categories/img/Keyboard/250_53836_ban_phim_co_keychron_k4_gateron_red_switch_d1.jpg,"- Bàn phím cơ Keychron K4 Gateron Red switch D1.- Bàn phím cơ hỗ trợ tốt cho layout MacOS.- Kết nối đa dạng : Dây / Bluetooth, kết nối cùng lúc đến 3 thiết bị.- Layout 96 đầy đủ phím nhưng  rất gọn nhẹ.- Switch Gateron cho cảm giác gõ và độ bền cao."
KBAK100,Bàn phím AKKO 3087 DS Midnight (USB/Akko Switch Blue),12 tháng,1079000,899000,Categories/img/Keyboard/250_55404_ban_phim_akko_3087_ds_midnight_usb_akko_switch_blue_0001_2.jpg,"- Bàn phím AKKO 3087 DS Midnight.- Model: 3087 (Tenkeyless, 87keys).- Kết nối: USB Type C, có thể tháo rời – Kích thước: 360 x 140 x 40mm.- Hỗ trợ NKRO.- Keycap: PBT Double-Shot, Cherry profile."
KBKE022,Bàn phím cơ Keychron K6 W3 (Gateron Brown switch/nhôm/RGB/Hotswap),24 tháng,2629000,2189000,Categories/img/Keyboard/250_55572_ban_phim_co_keychron_k6_w3_gateron_brown_switch_nhom_rgb_hotswap.jpg,- Bàn phím cơ Keychron K6.- Thiết kế mini 65% gọn nhẹ .- Khung kim loại nhôm chắc chắn.- Kết nối : Bluetooth / Cáp Type-C tiện lợi. Kết nối cùng lúc với 3 thiết bị.- Tương thích tốt với Window / MAC.
KBAK123,Bàn phím cơ AKKO 3108 Honkai Impact 3rd-Seele Vollerei (USB/AKKO Pink switch),24 tháng,1759000,1599000,Categories/img/Keyboard/250_55914_ban_phim_co_akko_3108_honkai_impact_3rd_seele_vollerei_usb_akko_pink_switch_0001_2.jpg,"- Bàn phím cơ AKKO 3108 Honkai Impact 3rd-Seele Vollerei.- Model: 3108 (Fullsize, 108 keys).- Kết nối: USB Type C, có thể tháo rời – Kích thước: 442 x 140 x 40mm.- Hỗ trợ NKRO.- Keycap: PBT Dye-Subbed, OEM profile."
KBLO063,Bàn phím cơ Logitech G610 Orion Blue (USB/Led trắng/Cherry Blue switch),24 tháng,1899000,1799000,Categories/img/Keyboard/250_56091_logitech_g610_orion_blue_01.jpg,"- Bàn phím cơ gaming Logitech G610.- Phiên bản duy nhất sử dụng Cherry Switch.- Có khu vực phím multimedia vô cùng tiện lợi.- Dễ dàng tùy chỉnh phím, gán macro cho phím thông qua phần mềm Logitech Gaming Software."
KBAK129,Bàn phím Akko 3108 v2 Honkai Impact 3rd - Yae Sakura (Akko Pink sw),24 tháng,2419000,2099000,Categories/img/Keyboard/250_56591_ban_phim_akko_3108_v2_honkai_impact_3rd_yae_sakura_akko_pink_sw_0005_6.jpg,"- Bàn phím Akko 3108 v2 Honkai Impact 3rd - Yae Sakura.- Model: 3108 (Fullsize, 108 keys).- Kết nối: USB Type C, có thể tháo rời – Kích thước: 442 x 140 x 40mm.- Hỗ trợ NKRO.- Keycap: PBT Dye-Subbed, OEM profile."
KBLO038,Bàn phím Logitech K120,24 tháng,0,229000,Categories/img/Keyboard/250_6044_ban_phim_logitech_k120_0002_1.jpg,- Keyboard Logitech K120.- Kiểu kết nối: Có dây .- Chuẩn kết nối: USB .- Phím chức năng: Standard .- Màu: Đen.
KBFC075,Bàn phím cơ Filco Majestouch Convertible 2 Red switch 104 Black - FKBC104MRL/EB2,24 tháng,0,4059000,Categories/img/Keyboard/250_27103_keyboard_filco_majestouch_convertible_2_red_switch_104_black_fkbc104mrleb2_0003_1.jpg,"- Bàn phím cơ của Filco đến từ Nhật Bản.- Có khả năng kết nối Bluetooth, sử dụng cùng 1 lúc với 5 thiết bị khác nhau.- Ipad/Iphone/Tablet/PC/Laptop.- Độ bền rất cao, đã được cộng đồng thế giới ghi nhận.- Chân chống phụ bọc cao su giúp tăng khả năng ma sát với mặt bàn."
KBFC123,Bàn phím cơ Filco Majestouch Convertible 2 Black switch 87 Black - FKBC87ML/EB2,24 tháng,3799000,3739000,Categories/img/Keyboard/250_34177_keyboard_filco_majestouch_convertible_2_black_switch_87_black_fkbc87mleb2_0002_1.jpg,"- Thương hiệu bàn phím cơ nổi tiếng Nhật Bản.- Phiên bản Convertible 2 có thể kết nối Không Dây qua Bluetooth.- Kết nối được cùng một lúc 5 thiết bị khác nhau.- Switch 100% Cherry cao cấp.- Không đèn Led, nhưng cảm giác gõ phím là tốt nhất trên thị trường."
KBLO074,Bàn phím cơ Logitech G613 Wireless Mechanical Gaming,24 tháng,1899000,1849000,Categories/img/Keyboard/250_40793_keyboard_logitech_g613_wireless_mechanical_gaming_0001_1.jpg,- Bàn phím chơi game không day Logitech : Logitech G613 Wireless.- Switch Cơ học Romer-G.- Kết nối không day LightSpeed.- Tuổi thọ pin cao lên đến 18 tháng.- Dãy phím Macro tiện dụng.
KBDG003,Bàn phím cơ Durgod Taurus K310 Space Gray Mechanical Cherry Blue Switch US,24 tháng,2249000,1999000,Categories/img/Keyboard/250_44601_keyboard_durgod_taurus_k310_space_gray_mechanical_cherry_blue_switch_us_0000_1.jpg,"- Thương hiệu bàn phím cơ Durgod hoàn toàn mới.- Được sản xuất và lắp ráp tại nhà máy uy tín tại Trung Quốc.- Chất lượng tổng thể cứng cáp, chắc chắn.- Switch sử dụng 100% Cherry MX from Germany.- Anti-Ghosting 100% và NKRO qua cổng USB."
KBRZ073,Bàn phím cơ Razer Blackwidow Lite Silent (RZ03-02640100-R3M1) (USB/TKL/Orange Switch) ,24 tháng,2299000,1999000,Categories/img/Keyboard/250_45171_tong_the_ban_phim_razer_blackwidow_lite_silent_mechanical_gaming_keyboard_orange_switch.jpg,- Bàn phím cơ giá rẻ nhất đến từ Razer.- Switch cơ học thế hệ mới độc quyền của hãng.- Tuổi thọ lên tới 80 triệu lượt nhấn.- Hệ thống led màu trắng với nhiều hiệu ứng khác nhau.- Thiết kế Tenkeyless gọn gàng.
KBRF012,Bàn phím cơ RealForce R2 APC - Mechanical Topre 55gRAM switch Fullsize Black R2A-US5-BK ,24 tháng,6299000,5699000,Categories/img/Keyboard/250_49692_ban_phim_co_realforce_r2_apc_mechanical_topre_55gram_switch_fullsize_black_r2a_us5_bk_0001_2.jpg,"- Bàn phím RealForce R2 APC.- Thương hiệu bàn phím cơ cao cấp nhất đến từ Nhật bản.- Thiết kế layout full-size 104 phím.- Switch Topre cao cấp, mang lại cảm giác gõ mượt mà, êm ái.- Tiếng ồn được giảm thiểu tối đa."
KBDA027,Bàn phím cơ Dareu EK87 Mechanical Brown Switch 87 Black,24 tháng,689000,599000,Categories/img/Keyboard/250_46295_keyboard_dareu_ek87_mechanical_brown_switch_87_black_1.jpg,- Bàn phím Dareu EK87 .- Phiên bản thay thế cho DK87.- Thiết kế 87 phím gọn nhẹ.- Sử dụng D Switch độc quyền DareU.- Đèn led đỏ.
KBED021,Bàn phím cơ E-Dra EK387 Pro Mechanical Gaming Outemu Blue switch Black Gray USB,24 tháng,1099000,949000,Categories/img/Keyboard/250_51205_ban_phim_co_e_dra_ek387_pro_mechanical_gaming_outemu_blue_switch_black_gray_usb.jpg,- Bàn phím cơ E-Dra EK387 Pro Mechanical Gaming Outemu Blue switch.- Thiết kế 87 phím nhỏ gọn.- Sử dung switch Outemu cho độ bền cao.- Keycap PBT Doubleshot.
KBVM039,Bàn phím cơ Varmilo Numpad VA21M Fairy Forest - Mechanical Cherry Red Switch,24 tháng,1599000,1109000,Categories/img/Keyboard/250_48466_ban_phim_co_varmilo_numpad_va21m_fairy_forest_mechanical_cherry_red_switch_0000_1.jpg,"- Bàn phím cơ Varmilo Numpad VA21M Fairy Forest.- Phiên bản đặc biệt Fairy Forest mang phong cách thiên nhiên.- Cụm phím số với chức năng nhập số liệu, hỗ trợ cho các loại bàn phím Tenkeyless và 60%, v..v...- Keycap PBT Dye-sub bền bỉ.- Sử dung Switch Cherry MX tuổi thọ lâu dài và cho cảm giác gõ rất tốt."
KBAT003,Bàn phím game A4tech B820R USB,24 tháng,1699000,1499000,Categories/img/Keyboard/250_46845_keyboard_game_usb_den_bloody_by_a4tech_b820r_0000_1.jpg,"- Bàn phím A4tech B820R.- Tần số 1000Hz/1ms.- Độ bền: 100 triệu lần gõ phím.- Tính năng Anti Ghosting..- 6 loại hiệu ứng ánh sáng, 3 chế độ RGB với 16.8 triệu màu."
KBAK087,Bàn phím AKKO ACG84 Dragon Ball Super Goku - Akko switch pink,24 tháng,2199000,1499000,Categories/img/Keyboard/250_54623_ban_phim_akko_acg84_dragon_ball_super_goku_akko_switch_pink_0003_4.jpg,"- Bàn phím AKKO ACG84 Dragon Ball Super Goku.- Model: 3084 (84 keys).- Kết nối: USB Type C, có thể tháo rời.- Hỗ trợ NKRO.- Keycap: PBT Dye-Subbed, OEM profile."
KBCS063,Bàn phím Corsair K100 RGB Speed switch (CH-912A014-NA),24 tháng,6479000,5399000,Categories/img/Keyboard/250_55864_ban_phim_corsair_k100_rgb_speed_switch_ch_912a014_na_0002_3.jpg,- Bàn phím Corsair K100 RGB.- Bàn phím cao cấp mới nhất đến từ Corsair.- Switch Cherry MX cao cấp.- Công nghệ mới cho tốc độ truyền tín hiệu nhanh gấp 4 lần các loại phím khác.- Trang bị núm xoay đa tác vụ cực kỳ tiện lợi.
KBLP126,Keyboard Leopold FC750R PD Graphite Blue Font Cherry Brown switch,24 tháng,0,2799000,Categories/img/Keyboard/250_48241_keyboard_leopold_fc750r_pd_sky_dolch_limited_edition_mechanical_cherry_brown_switch_black_grey_0000_1.jpg,- Bàn phím Leopold FC750R PD Sky Dolch Limited Edition.- Thương hiệu bàn phím cơ lâu đời đến từ Hàn Quốc.- Phiên bản đặc biệt với thiết kế màu keycap đặc trưng và độc đáo.- Keycap chất liệu PBT Doubleshot siêu bền.- Sử dụng 100% Switch Cherry chất lượng cao nhất được chọn lọc kĩ càng.
KBDA028,Bàn phím cơ Dareu EK87 Mechanical Blue Switch 87 Black,24 tháng,689000,599000,Categories/img/Keyboard/250_46296_keyboard_dareu_ek87_mechanical_blue_switch_87_black_1.jpg,- Bàn phím Dareu EK87 .- Phiên bản thay thế cho DK87.- Thiết kế 87 phím gọn nhẹ.- Sử dụng D Switch độc quyền DareU.- Đèn led đỏ.
KBED022,Bàn phím cơ E-Dra EK387 Pro Mechanical Gaming Outemu Brown switch Black Gray USB,24 tháng,1099000,949000,Categories/img/Keyboard/250_51206_ban_phim_co_e_dra_ek387_pro_mechanical_gaming_outemu_brown_switch_black_gray_usb.jpg,- Bàn phím cơ E-Dra EK387 Pro Mechanical Gaming Outemu Brown switch.- Thiết kế 87 phím nhỏ gọn.- Sử dung switch Outemu cho độ bền cao.- Keycap PBT Doubleshot.
KBVM038,Bàn phím cơ Varmilo Numpad VA21M Sakura - Mechanical Cherry Red Switch,24 tháng,1599000,1109000,Categories/img/Keyboard/250_48465_ban_phim_co_varmilo_numpad_va21m_sakura_mechanical_cherry_red_switch_0000_1.jpg,"- Bàn phím cơ Varmilo Numpad VA21M Sakura.- Phiên bản đặc biệt Sakura mang phong cách hoa anh đào Nhật Bản.- Cụm phím số với chức năng nhập số liệu, hỗ trợ cho các loại bàn phím Tenkeyless và 60%,v..v...- Keycap PBT Dye-sub bền bỉ.- Sử dung Switch Cherry MX tuổi thọ lâu dài và cho cảm giác gõ rất tốt."
KBBJ001,Bàn phím cơ BJX KM9 Fullsize Mechanical Blue Switch Led USB,24 tháng,0,799000,Categories/img/Keyboard/250_51073_ban_phim_co_bjx_km9_fullsize_mechanical_blue_switch_led_usb_1.jpg,"- Thương hiệu cao cấp đến từ Mỹ.- Bàn phím cơ full 104 phím, sử dụng switch Kailh LH danh tiếng với Led Blue Gaming đa hiệu ứng ánh sáng.- Độ bền lên đến 50 triệu lần nhấn.- Tích hợp Chức năng Anti-ghosting, Gaming mode tắt phím Windows, Điều chỉnh macro ngay trên phím.- Bảo hành 25 tháng đổi mới trong suốt thời gian bảo hành."
KBAK088,Bàn phím AKKO ACG84 Dragon Ball Super Goku - Cherry Switch Blue,24 tháng,2789000,2149000,Categories/img/Keyboard/250_54624_ban_phim_akko_acg84_dragon_ball_super_goku_cherry_switch_blue_0003_4.jpg,"- Bàn phím AKKO ACG84 Dragon Ball Super Goku.- Model: 3084 (84 keys).- Kết nối: USB Type C, có thể tháo rời.- Hỗ trợ NKRO.- Keycap: PBT Dye-Subbed, OEM profile."
KBLP152,Bàn phím cơ Leopold FC900R White Pink OE Cherry Brown Switch,24 tháng,3349000,2899000,Categories/img/Keyboard/250_51734_mat_chinh_dien_ban_phim_co_leopold_fc900r_white_pink_oe_cherry_brown_switch.jpg,"- Bàn phím cơ Leopold FC900R White Pink OE Cherry Brown Switch.- Sử dụng bộ Switch Cherry 100% chính hãng từ nước Đức.- Keycap PBT Doubleshot.- Thiết kế cổ điển, chất lượng tuyệt vời.- Miếng vải lót đệm ngăn tiếng ồn tối đa."
KBCS059,Bàn phím cơ Corsair K95 Platinum XT RGB Mechanical Gaming Cherry MX Brown Switch (CH-9127412-NA),24 tháng,4499000,4299000,Categories/img/Keyboard/250_51721_mat_chinh_dien_ban_phim_co_corsair_k95_platinum_xt_rgb_mechanical_gaming_cherry_mx_brown_switch_ch_9127412_na.jpg,"- Bàn phím cơ Corsair K95 Platinum XT RGB Mechanical Gaming Cherry MX Brown Switch.- Chiếc bàn phím Cao Cấp Nhất của Corsair, thương hiệu Mĩ.- Corsair sử dụng 100% Switch phím cơ đến từ Cherry.- Được bổ sung thêm khu vực led viền trên rất đẹp.- Dãy phím Macro có thể gán nhiều chức năng đặc biệt trong game."
KBLP162,Bàn phím cơ Leopold FC900RPD White Dark Grey Cherry Red Switch,24 tháng,0,3349000,Categories/img/Keyboard/250_51744_mat_chinh_dien_ban_phim_co_leopold_fc900rpd_white_dark_grey_cherry_red_switch.jpg,"- Bàn phím cơ Leopold FC900RPD White Dark Grey Cherry Red Switch.- Thương hiệu bàn phím cơ lâu đời đến từ Hàn Quốc.- Keycap chất liệu PBT Doubleshot siêu bền.- Sử dụng 100% Switch Cherry chất lượng cao nhất được chọn lọc kĩ càng.- Không có hệ thống đèn Led, nhưng tối ưu tốt cảm giác gõ."
KBDK184,Bàn phím cơ Ducky One 2 TKL RGB Cherry Blue switch,24 tháng,2999000,2599000,Categories/img/Keyboard/250_46808_keyboard_ducky_one_2_tkl_rgb_cherry_blue_switch_0002_1.jpg,"- Bàn phím Ducky One 2 TKL RGB Cherry Blue switch.- Thiết kế tối giản 87 phím, tiện lợi, gọn nhẹ.- Day cáp Type-C tháo rời tiện lợi.- Led RGB 16.8 triệu màu với nhiều hiệu ứng.- Sử dụng switch Cherry MX RGB."
KBLP124,Keyboard Leopold FC750R PD Graphite Blue Font Cherry Red switch,24 tháng,3219000,2799000,Categories/img/Keyboard/250_48239_keyboard_leopold_fc750r_pd_sky_dolch_limited_edition_mechanical_cherry_red_switch_black_grey_0000_1.jpg,- Bàn phím Leopold FC750R PD Sky Dolch Limited Edition.- Thương hiệu bàn phím cơ lâu đời đến từ Hàn Quốc.- Phiên bản đặc biệt với thiết kế màu keycap đặc trưng và độc đáo.- Keycap chất liệu PBT Doubleshot siêu bền.- Sử dụng 100% Switch Cherry chất lượng cao nhất được chọn lọc kĩ càng.
KBLP141,Bàn phím cơ Leopold FC750R PD Dark Gray / Yellow Font PBT Doubleshot Cherry Brown switch ,24 tháng,0,3099000,Categories/img/Keyboard/250_49475_ban_phim_co_leopold_fc750r_pd_dark_gray_yellow_font_pbt_doubleshot_cherry_brown_switch_0002_1.jpg,- Bàn phím cơ Leopold FC750R PD Dark Gray / Yellow Font.- Thương hiệu bàn phím cơ lâu đời đến từ Hàn Quốc.- Phiên bản đặc biệt với thiết kế màu keycap đặc trưng và độc đáo.- Keycap chất liệu PBT Doubleshot siêu bền.- Sử dụng 100% Switch Cherry chất lượng cao nhất được chọn lọc kĩ càng.
KBIK039,Bàn phím IKBC CD87 PD (TKL/PBT Doubleshot/Cherry Red switch),24 tháng,0,1759000,Categories/img/Keyboard/250_51246_ban_phim_ikbc_cd87_pd_tkl_pbt_doubleshot_blue_font_cherry_red_switch_0000_1.jpg,"- Bàn phím cơ IKBC CD87 phiên bản PD.- Keycap PBT Doubleshot (PD) dày dặn chắc chắn.- Dùng Switch Cherry nổi tiếng cho cảm giác gõ tốt và độ bền cao.- Build quality chắc chắn, chất lượng rất tốt trong tầm giá.- Layout chuẩn ANSI quốc tế, dễ làm quen."
KBAK001,Bàn phím cơ AKKO 3084 World Tour Tokyo Blue Switch ,24 tháng,0,1299000,Categories/img/Keyboard/250_51884_tong_the_ban_phim_co_akko_3084_world_tour_tokyo_blue_switch.jpg,"- Bàn phím cơ AKKO 3084 World Tour Tokyo Blue Switch.- Model: 3084 (84 keys).- Kết nối: USB Type C, có thể tháo rời.- Hỗ trợ NKRO.- Keycap: 85% PBT."
KBAK017,Bàn phím cơ AKKO 3108S RGB PRO Pink Cherry MX Blue Switch,24 tháng,0,2399000,Categories/img/Keyboard/250_51900_tong_the_ban_phim_co_akko_3108s_rgb_pro_pink_cherry_mx_blue_switch.jpg,"- Bàn phím cơ AKKO 3108S RGB PRO Pink Cherry MX Blue Switch.- Model: 3108 (Fullsize, 108 keys).- Kết nối: USB Type C, có thể tháo rời.- Hỗ trợ NKRO.- Keycap: PBT."
KBED042,Bàn phím cơ E-Dra EK387 Pro PBT Cherry Red switch Đen Xám,24 tháng,1799000,1349000,Categories/img/Keyboard/250_52717_ban_phim_co_e_dra_ek387_pro_pbt_cherry_red_switch_den_xam_0001.jpg,- Bàn phím cơ E-Dra EK387 Pro PBT Cherry Red switch.- Thiết kế 87 phím nhỏ gọn.- Sử dung switch cherry nổi tiếng của Đức.- Keycap PBT Doubleshot.
KBED051,Bàn phím cơ E-Dra EK3104 Pro (Cherry Red switch/PBT/USB/Đen),24 tháng,1849000,1599000,Categories/img/Keyboard/250_54661_ban_phim_co_e_dra_ek3104_pro_cherry_red_switch_pbt_usb_den_1.png,"- Bàn phím cơ E-DRA EK3104 Pro Red switch.- Bàn phím cơ sử dụng switch Cherry danh tiếng.- Thiết kế 104 phím tiêu chuẩn.- Keycap PBT Double Shot chống bóng, siêu bền.- Dây USB tháo rời với jack nối trên phím Type C."
KBAK094,Bàn phím AKKO 3087 Dragon Ball Z Goku (Cherry Switch Blue),24 tháng,2719000,2299000,Categories/img/Keyboard/250_54677_ban_phim_akko_3087_dragon_ball_z_goku_cherry_switch_blue_0002_3.jpg,"- Bàn phím AKKO 3087 Dragon Ball Z Goku.- Model: 3087 (TKL, 87 keys).- Kết nối: USB Type C, có thể tháo rời.- Hỗ trợ NKRO.- Keycap: PBT Dye-Subbed, OEM profile."
KBAK102,Bàn phím AKKO 3087 DS Midnight (USB/Akko Switch Pink),12 tháng,1079000,899000,Categories/img/Keyboard/250_55406_ban_phim_akko_3087_ds_midnight_usb_akko_switch_pink_0001_2.jpg,"- Bàn phím AKKO 3087 DS Midnight.- Model: 3087 (Tenkeyless, 87keys).- Kết nối: USB Type C, có thể tháo rời – Kích thước: 360 x 140 x 40mm.- Hỗ trợ NKRO.- Keycap: PBT Double-Shot, Cherry profile."
KBKE024,Bàn phím cơ Keychron K8 A2 (Gateron Blue switch/nhựa/đơn led/),24 tháng,2149000,1789000,Categories/img/Keyboard/250_55574_ban_phim_co_keychron_k8_a2_gateron_blue_switch_nhua_don_led.jpg,"- Bàn phím cơ Keychron K8.- Thiết kế layout Tenkeyless truyền thống.- Kiểu kết nối : Bluetooth / Cable Type-C.- Trang bị kết nối Bluetooth 5.1 cao cấp, có khả năng kết nối 3 thiết bị cùng lúc.- Tương thích tốt với Layout của Mac."
KBAK109,Bàn phím cơ AKKO 3087 v2 One Piece - Chopper (USB/AKKO Blue switch),24 tháng,1799000,1499000,Categories/img/Keyboard/250_55900_ban_phim_co_akko_3087_v2_one_piece_chopper_usb_akko_blue_switch_0000_1.jpg,"- Bàn phím cơ AKKO 3087 v2 One Piece - Chopper.- Model: 3087 (TKL, 87 keys).- Kết nối: USB Type C, có thể tháo rời – Kích thước: 442 x 140 x 40mm.- Hỗ trợ NKRO.- Keycap: PBT Dye-Subbed, OEM profile."
KBAK125,Bàn phím cơ AKKO 3108 v2 One Piece - Chopper (USB/AKKO Orange switch),24 tháng,2039000,1699000,Categories/img/Keyboard/250_55916_ban_phim_co_akko_3108_v2_one_piece_chopper_usb_akko_orange_switch_0000_1.jpg,"- Bàn phím cơ AKKO 3108 v2 One Piece - Chopper.- Model: 3108 (Fullsize, 108 keys).- Kết nối: USB Type C, có thể tháo rời – Kích thước: 442 x 140 x 40mm.- Hỗ trợ NKRO.- Keycap: PBT Dye-Subbed, OEM profile."
KBCS066,Bàn phím Corsair K60 PRO SE (USB/RGB LED/Cherry MX Viola) (CH-910D119-NA),24 tháng,2938000,2449000,Categories/img/Keyboard/250_56140_ban_phim_corsair_k60_pro_se_usb_rgb_led_cherry_mx_viola_ch_910d119_na_0000_1.jpg,- Bàn phím Corsair K60 PRO SE.- Sử dụng switch Viola mới nhất của Cherry MX.- Thiết kế khung nhôm mang tính thẩm mỹ và vô cùng chắc chắn.- Keycap PBT Doubleshot cực kỳ bền bỉ.- Kê tay đi kèm có thể tách rời .
KBAK131,Bàn phím AKKO 3108 Dragon Ball Z - Frieza (Akko Orange sw),24 tháng,2069000,1799000,Categories/img/Keyboard/250_56593_ban_phim_akko_3108_dragon_ball_z_frieza_akko_orange_sw_0005_6.jpg,"- Bàn phím AKKO 3108 Dragon Ball Z - Frieza.- Model: 3108 (Fullsize, 108 keys).- Kết nối: USB Type C, có thể tháo rời – Kích thước: 442 x 140 x 40mm – Cân nặng: 1.2kg.- Hỗ trợ NKRO.- Keycap: PBT Dye-Subbed, OEM profile."
KBFU037,Bàn phím gaming Fuhlen E Eraser Mechanical Blue Switch Black,24 tháng,1229000,899000,Categories/img/Keyboard/250_36373_keyboard_fuhlen_e_eraser_mechanical_blue_switch_black.jpg,- Bàn phím Fuhlen E Eraser.- Switch quang cơ độ bền cao.- Vỏ kim loại chăc chắn.- Led 7 màu rainbow.- Tính năng Anti-Ghosting.
KBEB039,Bàn phím gaming Eblue Eblue EKM 757BGUS-IU USB Black,24 tháng,0,999000,Categories/img/Keyboard/250_40795_keyboard_eblue_eblue_ekm_757bgus_iu_usb_black_0002_3.jpg,- No information
KBCS051,Bàn phím cơ Corsair K70 RGB MK2 Mechanical Cherry MX Silent,24 tháng,4099000,3499000,Categories/img/Keyboard/250_43019_keyboard_corsair_k70_rgb_mk_2_mechanical_cherry_mx_silent_0000_1.jpg,"- Phiên bản nâng cấp và thay thế cho Corsair K70 RGB.- Sử dụng Switch Cherry MX RGB chất lượng cao cấp nhất.- Hệ thống Led RGB 16,8 triệu màu tùy chỉnh qua Driver CUE*.- Toàn bộ bề mặt bằng nhôm xước, vật liệu chế tạo máy bay.- Hệ thống nút và cuộn Multimedia tiện lợi."
KBCS056,Bàn phím cơ Corsair K70 MK2 Low Profile Cherry Speed Switch,24 tháng,3699000,3399000,Categories/img/Keyboard/250_45203_keyboard_corsair_k70_mk2_low_profile_cherry_speed_switch_0001_1.jpg,"- Bàn phím cơ cao cấp đến từ Corsair.- Thiết kế mỏng độc đáo và bắt mắt.- Hệ thống Led RGB 16,8 triệu màu.- Loại switch Cherry công nghệ mới Low Profile.- Tín hiệu được đáp ứng nhanh và chính xác hơn."
KBLP112,Bàn phím cơ Leopold FC750R PD TKL PBT Doubleshot Red switch SWEDISH,24 tháng,0,3249000,Categories/img/Keyboard/250_45294_keyboard_leopold_fc750r_pd_tkl_pbt_doubleshot_red_switch_swedish_0002_1.jpg,"- Phiên bản đặc biệt phong cách Cờ Thụy Điển.- Thương hiệu bàn phím cơ lâu đời đến từ Hàn Quốc.- Keycap chất liệu PBT Doubleshot siêu bền .- Sử dụng 100% Switch Cherry chất lượng cao nhất được chọn lọc kĩ càng.- Không có hệ thống đèn Led, nhưng tối ưu tốt cảm giác gõ."
KBMI001,Bàn phím Microsoft Natural Ergonomic 4000 - B2M-00009 ,24 tháng,1389000,1299000,Categories/img/Keyboard/250_48851_ban_phim_microsoft_natural_ergonomic_4000_b2m_00009_1.jpg,- Bàn phím Microsoft Natural Ergonomic 4000.- Thiết kế công thái học đặc biệt.- Tích hợp nâng tay tuỳ chọn độ dốc.- Đầy đủ phím Multimedia tích hợp.
KBDA029,Bàn phím cơ Dareu EK87 Mechanical Red Switch 87 Black,24 tháng,689000,599000,Categories/img/Keyboard/250_46297_keyboard_dareu_ek87_mechanical_red_switch_87_black_1.jpg,- Bàn phím Dareu EK87 .- Phiên bản thay thế cho DK87.- Thiết kế 87 phím gọn nhẹ.- Sử dụng D Switch độc quyền DareU.- Đèn led đỏ.
KBED023,Bàn phím cơ E-Dra EK387 Pro Mechanical Gaming Outemu Red switch Black Gray USB,24 tháng,1099000,949000,Categories/img/Keyboard/250_51207_ban_phim_co_e_dra_ek387_pro_mechanical_gaming_outemu_red_switch_black_gray_usb.jpg,- Bàn phím cơ E-Dra EK387 Pro Mechanical Gaming Outemu Red switch.- Thiết kế 87 phím nhỏ gọn.- Sử dung switch Outemu cho độ bền cao.- Keycap PBT Doubleshot.
KBBJ002,Bàn phím cơ BJX KM9 Fullsize Mechanical Red Switch Led USB,24 tháng,0,799000,Categories/img/Keyboard/250_51074_ban_phim_co_bjx_km9_fullsize_mechanical_red_switch_led_usb_1.jpg,"- Thương hiệu cao cấp đến từ Mỹ.- Bàn phím cơ full 104 phím, sử dụng switch Kailh LH danh tiếng với Led Blue Gaming đa hiệu ứng ánh sáng.- Độ bền lên đến 50 triệu lần nhấn.- Tích hợp Chức năng Anti-ghosting, Gaming mode tắt phím Windows, Điều chỉnh macro ngay trên phím.- Bảo hành 25 tháng đổi mới trong suốt thời gian bảo hành."
KBAK089,Bàn phím AKKO ACG84 Dragon Ball Super Goku - Cherry Switch Brown,24 tháng,2789000,2499000,Categories/img/Keyboard/250_54625_ban_phim_akko_acg84_dragon_ball_super_goku_cherry_switch_brown_0003_4.jpg,"- Bàn phím AKKO ACG84 Dragon Ball Super Goku.- Model: 3084 (84 keys).- Kết nối: USB Type C, có thể tháo rời.- Hỗ trợ NKRO.- Keycap: PBT Dye-Subbed, OEM profile."
HHTL726,Bàn phím Asus TUF K1 RGB (Hàng Thanh Lý - KBAS024),24 tháng,1189000,789000,Categories/img/Keyboard/250_56162_53482_ban_phim_gaming_asus_tuf_k1_rgb_0001_2.jpg,"- Tactile TUF Gaming switch với tính năng NKRO 19 phím để có hiệu suất nhanh, đáng tin cậy.- Hiệu ứng ánh sáng RGB động và thanh ánh sáng gắn 2 bên .- Núm âm lượng chuyên dụng để điều chỉnh âm thanh nhanh chóng và dễ dàng.- Khung nhựa được gia cố, bền bỉ với khả năng chống tràn lên đến 300 ml cho độ ổn định và độ tin cậy hàng ngày.- Các phím được lập trình với chức năng ghi macro nhanh và bộ nhớ trong để chơi trò chơi được cá nhân hóa."
KBCS058,Bàn phím cơ Corsair K95 Platinum XT RGB Mechanical Gaming Cherry MX Blue Switch (CH-9127411-NA),24 tháng,4499000,4299000,Categories/img/Keyboard/250_51720_mat_chinh_dien_ban_phim_co_corsair_k95_platinum_xt_rgb_mechanical_gaming_cherry_mx_blue_switch_ch_9127411_na.jpg,"- Bàn phím cơ Corsair K95 Platinum XT RGB Mechanical Gaming Cherry MX Blue Switch.- Chiếc bàn phím Cao Cấp Nhất của Corsair, thương hiệu Mĩ.- Corsair sử dụng 100% Switch phím cơ đến từ Cherry.- Được bổ sung thêm khu vực led viền trên rất đẹp.- Dãy phím Macro có thể gán nhiều chức năng đặc biệt trong game."
KBRF004,Bàn phím cơ Realforce R2 Silent - Mechanical Topre Variable switch TKL White R2TLS-USV-IV,24 tháng,6039000,5999000,Categories/img/Keyboard/250_47349_keyboard_realforce_r2_silent_mechanical_topre_variable_switch_tkl_white_r2tls_usv_iv_0002_1.jpg,"- Bàn phím RealForce R2 Silent.- Thương hiệu bàn phím cơ cao cấp nhất đến từ Nhật bản.- Thiết kế layout TKL 87 phím gọn gàng.- Switch Topre cao cấp, mang lại cảm giác gõ mượt mà, êm ái.- Tiếng ổn được giảm thiếu tối đa."
KBDK185,Bàn phím cơ Ducky One 2 TKL RGB Cherry Red switch,24 tháng,2999000,2599000,Categories/img/Keyboard/250_46809_keyboard_ducky_one_2_tkl_rgb_cherry_red_switch_0000_2.jpg,"- Bàn phím Ducky One 2 TKL RGB Cherry Red switch.- Thiết kế tối giản 87 phím, tiện lợi, gọn nhẹ.- Day cáp Type-C tháo rời tiện lợi.- Led RGB 16.8 triệu màu với nhiều hiệu ứng.- Sử dụng switch Cherry MX RGB."
KBVM009,Bàn phím cơ Varmilo VA87M Sea Melody - Mechanical Cherry Brown switch,24 tháng,3399000,2899000,Categories/img/Keyboard/250_47103_keyboard_varmilo_va87m_sea_melody_mechanical_cherry_brown_switch_0002_1.jpg,"- Bàn phím cơ Varmilo VA87M Sea Melody.- Thiết kế phong cách  biển cả độc đáo.- Keycap làm bằng nhựa PBT, in Dye-sub bên bỉ.- Sử dung switch Cherry MX cho cảm giác gõ rất tốt."
KBIK040,Bàn phím IKBC CD87 PD (TKL/PBT Doubleshot/Cherry Blue switch),24 tháng,0,1759000,Categories/img/Keyboard/250_51247_ikbc_cd87_1.jpg,"- Bàn phím cơ IKBC CD87 phiên bản PD.- Keycap PBT Doubleshot (PD) dày dặn chắc chắn.- Dùng Switch Cherry nổi tiếng cho cảm giác gõ tốt và độ bền cao.- Build quality chắc chắn, chất lượng rất tốt trong tầm giá.- Layout chuẩn ANSI quốc tế, dễ làm quen."
KBAK002,Bàn phím cơ AKKO 3084 World Tour Tokyo Orange Switch,24 tháng,0,1299000,Categories/img/Keyboard/250_51885_tong_the_ban_phim_co_akko_3084_world_tour_tokyo_orange_switch.jpg,"- Bàn phím cơ AKKO 3084 World Tour Tokyo Orange Switch.- Model: 3084 (84 keys).- Kết nối: USB Type C, có thể tháo rời.- Hỗ trợ NKRO.- Keycap: 85% PBT."
KBFC181,Bàn phím cơ Filco Majestouch Stingray Red switch 87 Black FKBS87XMRL/EB,24 tháng,3729000,3629000,Categories/img/Keyboard/250_46017_keyboard_filco_majestouch_stingray_red_switch_87_black_fkbs87xmrleb_0003_1.jpg,"- Phiên bản hoàn toàn mới của Filco thương hiệu Nhật Bản.- Thay đổi sang loại switch Cherry Low Profile.- Hành trình phím không đổi, đem tới vóc dáng thanh lịch, tinh tế.- Độ bền được giữ nguyên 50 triệu lượt nhấn.- Giảm thiểu hiện tượng Double Click xảy ra do bụi bẩn."
KBRZ071,Bàn phím cơ Razer Blackwidow Elite Yellow Switch (RZ03-02622000-R3M1),24 tháng,4499000,3949000,Categories/img/Keyboard/250_50324_tong_the_keyboard_razer_blackwidow_elite_mechanical_gaming_yellow_switch.jpg,"- Phiên bản cao cấp nhất của dòng phím Razer Blackwidow.- Tất cả các loại switch đều được tối ưu cho game thủ.- 3 loại switch Yellow, Orange, Green cho đặc tính khác nhau.- Tuổi thọ lên tới 80 triệu lượt nhấn.- Trang bị thêm cụm phím Media riêng biệt."
KBED009,Bàn phím cơ E-Dra EK3104 (USB/Outemu Brown Switch/Đơn LED),24 tháng,0,669000,Categories/img/Keyboard/250_48273_ban_phim_e_dra_ek3104_led_mechanical_gaming_outemu_brown_switch.jpg,- Bàn phím cơ E-Dra EK3104.- Sử dụng switch Outemu siêu bền.- Thiết kế full-size 104 phím.- Led Rainbow.- Keycap ABS DoubleShot.
KBSS035,Bàn phím cơ Steelseries Apex Pro RGB - Mechanical Omnipoint switch Gaming Black,24 tháng,5289000,4599000,Categories/img/Keyboard/250_48438_ban_phim_co_steelseries_apex_pro_rgb_mechanical_omnipoint_switch_gaming_black_0003_1.jpg,"- Bàn phím cơ Steelseries Apex Pro RGB - Mechanical Omnipoint switch Gaming Black.- Sử dung Omnipoint switch với khả năng tuỳ chỉnh độ nhạy.- Độ bên trên 50 triệu lần bấm .- Vỏ phím làm bằng nhôm máy bay .- Tích hợp màn hình OLED hiển thị thông số Game, Discord.... ."
KBVM029,Bàn phím cơ Varmilo VA87M Rainbow Led RGB - Mechanical Cherry Brown Switch,24 tháng,3799000,3639000,Categories/img/Keyboard/250_48456_ban_phim_co_varmilo_va87m_rainbow_led_rgb_mechanical_cherry_brown_switch_0001_1.jpg,"- Bàn phím cơ Varmilo VA87M Rainbow.- Phiên bản đặc biệt với họa tiết 7 sắc cầu vồng.- Chất liệu keycap làm bằng nhựa PBT, công nghệ in Dye-Sub bền bỉ.- Dây cáp có thể tháo rời.- Sử dụng switch Cherry MX cho cảm giác gõ rất tốt."
KBLP173,Keyboard Leopold FC660M PD Graphite Blue Font Cherry Red switch,24 tháng,3259000,2749000,Categories/img/Keyboard/250_54088_keyboard_leopold_fc660m_pd_graphite_blue_font_cherry_red_switch_0002_2.jpg,"- Keyboard Leopold FC660M PD Graphite Blue Font Cherry Red switch.- Thương hiệu bàn phím cơ lâu đời đến từ Hàn Quốc.- Thiết kế layout 60% gọn nhẹ, dễ mang đi mang lại.- Keycap chất liệu PBT Doubleshot siêu bền.- Sử dụng 100% Switch Cherry chất lượng cao nhất được chọn lọc kĩ càng."
KBCS060,Bàn phím cơ Corsair K95 Platinum XT RGB Mechanical Gaming Cherry MX Speed Switch (CH-9127414-NA),24 tháng,4499000,4299000,Categories/img/Keyboard/250_51722_mat_chinh_dien_ban_phim_co_corsair_k95_platinum_xt_rgb_mechanical_gaming_cherry_mx_speed_switch_ch_9127414_na.jpg,"- Bàn phím cơ Corsair K95 Platinum XT RGB Mechanical Gaming Cherry MX Speed Switch.- Chiếc bàn phím Cao Cấp Nhất của Corsair, thương hiệu Mĩ.- Corsair sử dụng 100% Switch phím cơ đến từ Cherry.- Được bổ sung thêm khu vực led viền trên rất đẹp.- Dãy phím Macro có thể gán nhiều chức năng đặc biệt trong game."
KBED006,Bàn phím cơ E-Dra - EK387 Mechanica Gaming Outemu Brown Switch,24 tháng,0,599000,Categories/img/Keyboard/250_46762_keyboard_e_dra_ek387_mechanica_gaming_outemu_brown_switch.jpeg,- Bàn phím E-DRA - EK387.- Sử dụng switch Outemu .- Thiết kế 87 phím nhỏ gọn.- LED Rainbow .- Keycaps ABS Double shot.
KBVM023,Bàn phím cơ Varmilo VA108M Fairy Forest - Mechanical Cherry Red switch,24 tháng,3799000,3699000,Categories/img/Keyboard/250_47721_keyboard_varmilo_va108m_fairy_forest_mechanical_cherry_red_switch_0000_1.jpg,"- Bàn phím cơ Varmilo VA108M Fairy Forest .- Thiết kế mang phong cách thiên nhiên độc đáo.- Chất liệu keycap làm bằng nhựa PBT, công nghệ in Dye-Sub bền bỉ.- Dây cáp có thể tháo rời.- Sử dụng switch Cherry MX cho cảm giác gõ rất tốt."
KBLP157,Bàn phím cơ Leopold FC660M White Pink OE Cherry Blue Switch,24 tháng,2749000,2399000,Categories/img/Keyboard/250_51739_mat_chinh_dien_ban_phim_co_leopold_fc660m_white_pink_oe_cherry_blue_switch.jpg,"- Bàn phím cơ Leopold FC660M White Pink OE Cherry Blue Switch .- Thương hiệu bàn phím cơ lâu đời đến từ Hàn Quốc.- Thiết kế layout 60% gọn nhẹ, dễ mang đi mang lại.- Keycap chất liệu PBT Doubleshot siêu bền, Profile OEM quen thuộc với người dùng.- Sử dụng 100% Switch Cherry chất lượng cao nhất được chọn lọc kĩ càng."
KBIK048,Bàn phím IKBC W210 (Fullsize / Wireless / PBT / Cherry Red switch),24 tháng,0,2299000,Categories/img/Keyboard/250_51255_ban_phim_ikbc_w210_fullsize_wireless_pbt_cherry_red_switch_0003_1.jpg,"- Bàn phím IKBC W210.- Phiên bản kết nối không dây qua giao thức Wireless 2.4Ghz.- Sử dung switch Cherry nổi tiếng cho cảm giác gõ tốt và độ bền cao.- Keycap Thick PBT.- Build quality chắc chắn, chất lượng tốt trong tầm giá."
KBAO001,Bàn phím cơ AOC GK500 RGB Outemu Blue Switch Gaming (GK500/74),24 tháng,1599000,1489000,Categories/img/Keyboard/250_52295_ban_phim_co_aoc_gk500_rgb_outemu_blue_switch_gaming_gk500_74_0000_1.jpg,- Bàn phím cơ AOC GK500 RGB Outemu Blue Switch Gaming (GK500/74).- Keycap đúc bằng công nghệ double shot.- Có độ bền lên tới 50 triệu lần bấm..- Sử dụng loại Switch clone Cherry đến từ Outemu mang màu xanh dương.- Đèn LED nền RGB.
KBAK034,Bàn phím cơ Akko 3108 Dragon Ball Z Goku Akko Pink switch,12 tháng,1999000,1699000,Categories/img/Keyboard/250_52806_ban_phim_co_akko_3108_dragon_ball_z_goku_akko_pink_switch_0000_1.jpg,- Bàn phím cơ Akko 3108 Dragon Ball Z Goku Akko Pink switch.- Layout full-size 108 phím.- Chuẩn kết nối USB type-C.- Sử dung switch Akko với độ bền lên đến 50 triệu lần nhấn .- Phiên bản đặc biệt với hoạ tiết mang phong cách của bộ truyện tranh Dragonball nổi tiếng.
KBED047,Bàn phím E-Dra EK502 Đen,12 tháng,0,199000,Categories/img/Keyboard/250_53097_ban_phim_e_dra_ek502_den_0000_1.jpg,- Bàn phím E-Dra EK502 Đen.- Số lượng phím : 104 phím.- Độ bền : 20 triệu lần nhấn.- Bàn phím chơi game với mức giá phù hợp.
KBMM004,Bàn phím cơ Mistel X8 Gloaming (USB/Cherry Red switch),24 tháng,2989000,2649000,Categories/img/Keyboard/250_54913_ban_phim_mistel_sleeker_x_viii_gloaming_cherry_red_switch_0002_3.jpg,- Bàn phím Mistel Sleeker X-VIII Gloaming.- Bàn phím Fullsize 108 phím.- Chuẩn kết nối : Type-C tiện lợi (cáp có thể tháo rời).- Keycap PBT Doubleshot.- Sử dung switch Cherry MX cho độ bền và cảm giác gõ cực tốt.
KBRZ083,Bàn phím cơ Razer Huntsman Mini Mercury ( Clicky Purple optical switch) (RZ03-03390300-R3M1) ,24 tháng,3919000,3589000,Categories/img/Keyboard/250_55390_ba_n_phi_m_co_razer_huntsman_mini_mercury_rz03_03390300_r3m1_0000_1.jpg,- Bàn phím cơ Razer Huntsman Mini Mercury.- Thiết kế 60% nhỏ gọn.- Keycap PBT Doubleshot bền bỉ .- Tính năng Onboard Memory và tuỳ chỉnh các hiệu ứng led có sẵn trên phím.- Kết nối chuẩn Type-C có thể tháo rời dây cáp.
KBKE017,Bàn phím cơ Keychron K6 O1 (Gateron Red switch/nhựa/đơn led),24 tháng,2029000,1689000,Categories/img/Keyboard/250_55567_ban_phim_co_keychron_k6_o1_gateron_red_switch_nhua_don_led.jpg,- Bàn phím cơ Keychron K6.- Thiết kế mini 65% gọn nhẹ .- Khung nhựa chắc chắn.- Kết nối : Bluetooth / Cáp Type-C tiện lợi. Kết nối cùng lúc với 3 thiết bị.- Tương thích tốt với Window / MAC.
KBDA055,Bàn Phím cơ Dareu EK1280s Pink White (USB/Multi LED/Brown switch),24 tháng,1019000,849000,Categories/img/Keyboard/250_56032_ban_phim_co_dareu_ek1280s_pink_white_usb_multi_led_brown_switch_0000_1.jpg,"- Bàn Phím cơ Dareu EK1280s Pink White.- Phiên bản màu Hồng - Trắng.- LED màu HỒNG.- Sử dụng Switch ""D"" siêu bền của DareU.- Chuẩn layout ANSI."
KBBJ003,Bàn phím cơ BJX KM9 (Pink version/USB/Fullsize/Blue switch),24 tháng,1019000,839000,Categories/img/Keyboard/250_56374_ban_phim_co_bjx_km9_pink_version_usb_fullsize_blue_switch_0006_7.jpg,"- Bàn phím cơ BJX KM9 Pink.- Thương hiệu cao cấp đến từ Mỹ.- Bàn phím cơ full 104 phím, sử dụng switch Kailh LH danh tiếng với Led Blue Gaming đa hiệu ứng ánh sáng.- Độ bền lên đến 50 triệu lần nhấn.- Tích hợp Chức năng Anti-ghosting, Gaming mode tắt phím Windows, Điều chỉnh macro ngay trên phím."
KBGE048,Keyboard Genius KB125 USB Black,24 tháng,0,139000,Categories/img/Keyboard/250_51315_keyboard_genius_kb125_usb_black.jpg,- No information
KBLP051,Bàn phím cơ Leopold FC900R PD PBT Doubleshot Red switch Black,24 tháng,0,3249000,Categories/img/Keyboard/250_37257_keyboard_leopold_fc900r_pd_pbt_doubleshot_red_switch_black_0000_1.jpg,"- Thương hiệu bàn phím cơ lâu đời đến từ Hàn Quốc.- Keycap chất liệu PBT Doubleshot siêu bền .- Sử dụng 100% Switch Cherry chất lượng cao nhất.- Không có hệ thống đèn Led, nhưng tối ưu tốt cảm giác gõ.- Dây cáp Mini-USB có thể tháo rời."
KBDK162,Bàn phím cơ Ducky One Skyline TKL Blue Switch,24 tháng,2449000,1999000,Categories/img/Keyboard/250_40582_ban_phim_ducky_one_skyline_tkl_blue_switch_0001_1.jpg,- Bàn phím cơ cao cấp trong series Không Led đến từ Ducky.- Thiết kế mỏng nhất có thể để giảm thiểu tổn thương lên cổ tay.- Keycap được nâng cấp lên chất liệu nhựa PBT Doubleshot cao cấp .- Ducky luôn sử dụng 100% Cherry Switch cho sản phẩm của mình.- Phù hợp với các game thủ thích sự đơn giản của bàn phím.
KBLP082,Bàn phím cơ Leopold FC660M PD PBT Doubleshot Blue switch Blue-Grey,24 tháng,0,2849000,Categories/img/Keyboard/250_40650_ban_phim_leopold_fc660m_pd_pbt_doubleshot_blue_switch_blue_grey_0001_1.jpg,"- Bàn phím Leopold FC660M PD.- Thương hiệu bàn phím cơ lâu đời đến từ Hàn Quốc.- Thiết kế layout 60% gọn nhẹ, dễ mang đi mang lại.- Keycap chất liệu PBT Doubleshot siêu bền.- Sử dụng 100% Switch Cherry chất lượng cao nhất được chọn lọc kĩ càng."
KBLP088,Bàn phím cơ Leopold FC980M PD Grey PBT Doubleshot Brown switch Blue Font,24 tháng,4369000,3639000,Categories/img/Keyboard/250_41871_keyboard_leopold_fc980m_pd_pbt_doubleshot_brown_switch_blue_font_0002_1.jpg,"- Thương hiệu bàn phím cơ lâu đời đến từ Hàn Quốc.- Keycap chất liệu PBT Doubleshot siêu bền .- Sử dụng 100% Switch Cherry chất lượng cao nhất được chọn lọc kĩ càng.- Không có hệ thống đèn Led, nhưng tối ưu tốt cảm giác gõ.- Dây cáp Mini-USB có thể tháo rời thuận tiện."
KBAS018,Keyboard ASUS ROG Strix Flare Cherry Blue switch (XA01) (USB/RGB/Đen),24 tháng,0,4009000,Categories/img/Keyboard/250_44129_rog_strix_flare_2d_1.png,"- Bàn phím ASUS ROG Strix Flare.- Các switch phím cơ Cherry MX RGB được sản xuất tại Đức mang lại cảm giác cơ học hài hòa nhờ tính năng điều khiển tối ưu – Lựa chọn của các game thủ chuyên nghiệp và những người đam mê.- Biểu tượng tùy chỉnh được chiếu sáng – Thể hiện niềm tự hào ROG của bạn hoặc thể hiện nét tinh tế của bạn bằng một huy hiệu của cá nhân hoặc của cả đội.- Các bàn phím đa phương tiện chuyên dụng và núm xoay điều chỉnh âm lượng nằm ở bên trái mang lại tính năng điều khiển âm thanh trò chơi tức thời, một cổng USB để kết nối dễ dàng và tấm đệm cổ tay mềm có thể tháo rời..- Các phím có đèn chiếu sáng đưới riêng và đèn nền rực rỡ được hỗ trợ bởi công nghệ chiếu sáng Aura Sync RGB."
KBED017,Bàn phím cơ E-Dra EK3104 (USB/Outemu Brown Switch/RGB),24 tháng,899000,799000,Categories/img/Keyboard/250_49829_ban_phim_co_e_dra_ek3104_gaming_outemu_brown_switch_led_rgb.jpg,- Bàn phím cơ E-Dra EK3104.- Sử dụng switch Outemu siêu bền.- Thiết kế full-size 104 phím.- Led RGB.- Keycap ABS DoubleShot.
KBFC182,Bàn phím cơ Filco Majestouch Stingray Ninja Red switch 87 Black FKBS87XMRL/EFB,24 tháng,3729000,3629000,Categories/img/Keyboard/250_46018_keyboard_filco_majestouch_stingray_ninja_red_switch_87_black_fkbs87xmrlefb_0002_1.jpg,"- Phiên bản hoàn toàn mới của Filco thương hiệu Nhật Bản.- Thay đổi sang loại switch Cherry Low Profile.- Hành trình phím không đổi, đem tới vóc dáng thanh lịch, tinh tế.- Độ bền được giữ nguyên 50 triệu lượt nhấn.- Giảm thiểu hiện tượng Double Click xảy ra do bụi bẩn."
KBRZ072,Bàn phím cơ Razer Blackwidow Elite Orange Switch (RZ03-02621800-R3M1),24 tháng,4459000,3949000,Categories/img/Keyboard/250_50325_tong_the_keyboard_razer_blackwidow_elite_mechanical_gaming_orange_switch.jpg,"- Phiên bản cao cấp nhất của dòng phím Razer Blackwidow.- Tất cả các loại switch đều được tối ưu cho game thủ.- 3 loại switch Yellow, Orange, Green cho đặc tính khác nhau.- Tuổi thọ lên tới 80 triệu lượt nhấn.- Trang bị thêm cụm phím Media riêng biệt."
KBED010,Bàn phím cơ E-Dra EK3104 Led Mechanical Gaming Outemu Red Switch,24 tháng,0,669000,Categories/img/Keyboard/250_48274_ban_phim_e_dra_ek3104_led_mechanical_gaming_outemu_red_switch.jpg,- Bàn phím cơ E-Dra EK3104.- Sử dụng switch Outemu siêu bền.- Thiết kế full-size 104 phím.- Led Rainbow.- Keycap ABS DoubleShot.
KBSS034,Bàn phím cơ Steelseries Apex 7 TKL Mechanical Blue Switch US (64758),24 tháng,3399000,3099000,Categories/img/Keyboard/250_48368_ban_phim_steelseries_apex_7_tkl_mechanical_blue_switch_us_64758_0004_1.jpg,"- Bàn phím Steelseries Apex 7 TKL.- Sử dụng switch SteelSeries QX2 Red độc quyền Steelseries.- Độ bên trên 50 triệu lần bấm.- Vỏ phím làm bằng nhôm máy bay.- Tích hợp màn hình OLED hiển thị thông số Game, Discord....."
KBVM028,Bàn phím cơ Varmilo VA108M Radiation - Mechanical Cherry Brown Switch,24 tháng,3729000,3409000,Categories/img/Keyboard/250_48455_ban_phim_co_varmilo_va108m_radiation_mechanical_cherry_brown_switch_0000_1.jpg,- Bàn phím cơ Varmilo Numpad VA108M Radiation.- Phiên bản đặc biệt Radiation mang phong cách của dòng game FallOut.- Keycap PBT Dye-sub bền bỉ.- Sử dung Switch Cherry MX tuổi thọ lâu dài và cho cảm giác gõ rất tốt.- Dây cáp tháo rời tiện lợi.
KBLP174,Keyboard Leopold FC660M PD White Grey Cherry Red switch,24 tháng,3259000,2749000,Categories/img/Keyboard/250_54089_keyboard_leopold_fc660m_pd_white_grey_cherry_red_switch_0002_3.jpg,"- Keyboard Leopold FC660M PD White Grey Cherry Red switch.- Thương hiệu bàn phím cơ lâu đời đến từ Hàn Quốc.- Thiết kế layout 60% gọn nhẹ, dễ mang đi mang lại.- Keycap chất liệu PBT Doubleshot siêu bền.- Sử dụng 100% Switch Cherry chất lượng cao nhất được chọn lọc kĩ càng."
KBKT007,Bàn phím gaming Kingston HyperX Alloy Elite RGB Cherrry Red switch,24 tháng,0,3299000,Categories/img/Keyboard/250_48169_keyboad_kingston_hyperx_alloy_elite_rgb_cherrry_red_switch_0002_1.jpg,"- Bàn phím gaming Kingston HyperX Alloy Elite RGB .- Dải đèn độc đáo và hiệu ứng ánh sáng động .- Khung bằng thép chắc chắn .- Các phím media chuyên dụng và núm âm lượng lớn .- Phần tựa cổ tay có thể tháo rời, dùng thoải mái nhờ lớp phủ mềm mại ."
KBLO082,Bàn phím cơ Logitech G Pro X RGB Lightsync - Mechanical GX Blue Switch Gaming Keyboard,24 tháng,3099000,2949000,Categories/img/Keyboard/250_49500_ban_phim_co_logitech_g_pro_x_rgb_lightsync_mechanical_gx_blue_switch_gaming_keyboard_0001_1.jpg,- Bàn phím cơ Logitech G Pro X RGB.- Thiết kế 87 phím gọn nhẹ.- Sử dụng switch GX với khả năng hotswap (Thay switch tức thì không cần tháo mạch).- Đèn led RGB với công nghệ LightSync có khả năng lập trình.- Dây cáp tháo rời tiện lợi.
KBLP158,Bàn phím cơ Leopold FC660M White Pink OE Cherry Red Switch,24 tháng,2749000,2399000,Categories/img/Keyboard/250_51740_mat_chinh_dien_ban_phim_co_leopold_fc660m_white_pink_oe_cherry_red_switch.jpg,"- Bàn phím cơ Leopold FC660M White Pink OE Cherry Red Switch.- Thương hiệu bàn phím cơ lâu đời đến từ Hàn Quốc.- Thiết kế layout 60% gọn nhẹ, dễ mang đi mang lại.- Keycap chất liệu PBT Doubleshot siêu bền, Profile OEM quen thuộc với người dùng.- Sử dụng 100% Switch Cherry chất lượng cao nhất được chọn lọc kĩ càng."
KBED007,Bàn phím cơ E-Dra - EK387 Mechanica Gaming Outemu Red Switch,24 tháng,0,599000,Categories/img/Keyboard/250_46763_keyboard_e_dra_ek387_mechanica_gaming_outemu_red_switch.jpeg,- Bàn phím E-DRA - EK387.- Sử dụng switch Outemu .- Thiết kế 87 phím nhỏ gọn.- LED Rainbow .- Keycaps ABS Double shot.
KBRF011,Bàn phím cơ Realforce R2 RGB - Mechanical Topre 45gram switch TKL Black R2TLA-US4G-BK,24 tháng,0,6479000,Categories/img/Keyboard/250_47356_keyboard_realforce_r2_rgb_mechanical_topre_45gram_switch_tkl_black_r2tla_us4g_bk_0001_2.jpg,"- Bàn phím RealForce R2 RGB .- Thương hiệu bàn phím cơ cao cấp đến từ Nhật Bản.- Switch Topre cao cấp của Nhật Bản, phiên bản mới tương thích với keycap chân chữ thập thông thường.- Keycaps Double shot xuyên led.- Tính năng tuỳ chỉnh độ nhạy."
KBVM024,Bàn phím cơ Varmilo VA108M Chicken Dinner PUBG - Mechanical Cherry Red switch,24 tháng,4199000,3929000,Categories/img/Keyboard/250_47722_keyboard_varmilo_va108m_chicken_dinner_pubg_mechanical_cherry_red_switch_0002_1.jpg,"- Bàn phím cơ Varmilo VA108M Chicken Dinner PUBG.- Keycap in theo phong cách tựa game PUBG độc đáo.- Chất liệu keycap làm bằng nhựa PBT, công nghệ in Dye-Sub bền bỉ.- Dây cáp có thể tháo rời.- Sử dụng switch Cherry MX cho cảm giác gõ rất tốt."
KBIK049,Bàn phím IKBC W210 (Fullsize / Wireless / PBT / Cherry Blue switch),24 tháng,0,2299000,Categories/img/Keyboard/250_51256_ban_phim_ikbc_w210_fullsize_wireless_pbt_cherry_blue_switch_0003_1.jpg,"- Bàn phím IKBC W210.- Phiên bản kết nối không dây qua giao thức Wireless 2.4Ghz.- Sử dung switch Cherry nổi tiếng cho cảm giác gõ tốt và độ bền cao.- Keycap Thick PBT.- Build quality chắc chắn, chất lượng tốt trong tầm giá."
KBAK011,Bàn phím cơ AKKO 3108S Black Led White Cherry MX Blue Switch,24 tháng,0,1749000,Categories/img/Keyboard/250_51894_tong_the_ban_phim_co_akko_3108s_black_led_white_cherry_mx_blue_switch.jpg,"- Bàn phím cơ AKKO 3108S Black Led White Cherry MX Blue Switch.- Model: 3108 (Fullsize, 108 keys).- Kết nối: USB Type C, có thể tháo rời.- Hỗ trợ NKRO.- Keycap: PBT Dye-Subbed."
KBAK101,Bàn phím AKKO 3087 DS Midnight (USB/Akko Switch Orange),12 tháng,1079000,899000,Categories/img/Keyboard/250_55405_ban_phim_akko_3087_ds_midnight_usb_akko_switch_orange_0001_2.jpg,"- Bàn phím AKKO 3087 DS Midnight.- Model: 3087 (Tenkeyless, 87keys).- Kết nối: USB Type C, có thể tháo rời – Kích thước: 360 x 140 x 40mm.- Hỗ trợ NKRO.- Keycap: PBT Double-Shot, Cherry profile."
KBKE023,Bàn phím cơ Keychron K8 A1 (Gateron Red switch/nhựa/đơn led/),24 tháng,2149000,1789000,Categories/img/Keyboard/250_55573_ban_phim_co_keychron_k8_a1_gateron_red_switch_nhua_don_led.jpg,"- Bàn phím cơ Keychron K8.- Thiết kế layout Tenkeyless truyền thống.- Kiểu kết nối : Bluetooth / Cable Type-C.- Trang bị kết nối Bluetooth 5.1 cao cấp, có khả năng kết nối 3 thiết bị cùng lúc.- Tương thích tốt với Layout của Mac."
KBAK124,Bàn phím cơ AKKO 3108 v2 One Piece - Chopper (USB/AKKO Blue switch),24 tháng,2039000,1699000,Categories/img/Keyboard/250_55915_ban_phim_co_akko_3108_v2_one_piece_chopper_usb_akko_blue_switch_0000_1.jpg,"- Bàn phím cơ AKKO 3108 v2 One Piece - Chopper.- Model: 3108 (Fullsize, 108 keys).- Kết nối: USB Type C, có thể tháo rời – Kích thước: 442 x 140 x 40mm.- Hỗ trợ NKRO.- Keycap: PBT Dye-Subbed, OEM profile."
KBCS065,Bàn phím Corsair K60 PRO (USB/Red LED/Cherry MX Viola) (CH-910D029-NA),24 tháng,2389000,1989000,Categories/img/Keyboard/250_56139_ban_phim_corsair_k60_pro_usb_red_led_cherry_mx_viola_ch_910d029_na_0001_2.jpg,- Bàn phím Corsair K60 PRO SE.- Sử dụng switch Viola mới nhất của Cherry MX.- Thiết kế khung nhôm mang tính thẩm mỹ và vô cùng chắc chắn.- Keycap PBT Doubleshot cực kỳ bền bỉ.- Led RGB 16.8 triệu màu.
KBAK130,Bàn phím AKKO 3108 Dragon Ball Z - Frieza (Akko Blue sw),24 tháng,2069000,1799000,Categories/img/Keyboard/250_56592_ban_phim_akko_3108_dragon_ball_z_frieza_akko_blue_sw_0005_6.jpg,"- Bàn phím AKKO 3108 Dragon Ball Z - Frieza.- Model: 3108 (Fullsize, 108 keys).- Kết nối: USB Type C, có thể tháo rời – Kích thước: 442 x 140 x 40mm – Cân nặng: 1.2kg.- Hỗ trợ NKRO.- Keycap: PBT Dye-Subbed, OEM profile."
KBEB001,Bàn phím gaming Eblue EKM046BK USB Black,24 tháng,0,179000,Categories/img/Keyboard/250_8126_keyboard_eblue_ekm046bk_usb_black.jpg,"- ""E-BLUE™ - Elated: EKM046.- Sản phẩm chống nước.- Giao diện: USB 2.0; .- Số lượng phím: 104 - có 8 phím mầu xanh thay thế.- Cáp bàn phím dài: 1.65M."
KBFC086,"Bàn phím cơ Filco Majestouch 2 Minila Air 67 Brown switch - (FFKBT67M/EB - Wireless) , ",24 tháng,0,3499000,Categories/img/Keyboard/250_28300_keyboard_filco_majestouch_2_minila_air_67_brown_switch_ffkbt67meb_wireless_0002_1.jpg,"- Bàn phím cơ của Filco đến từ Nhật Bản.- Phiên bản Minila Air Không Dây, kết nối qua Bluetooth.- Độ bền rất cao, đã được cộng đồng thế giới ghi nhận.- Chân chống phụ bọc cao su giúp tăng khả năng ma sát với mặt bàn.- Bảng mạch được thiết kế 2 lớp, tối đa độ bền bỉ khi sử dụng lâu dài."
KBNM064,Bàn phím gaming Newmen GM310 Black Mechanical Blue Switch,24 tháng,0,699000,Categories/img/Keyboard/250_48249_keyboard_newmen_gm310_black_mechanical_blue_switch_1.jpg,"- Bàn phím gaming Newmen GM310.- Thiết kế theo nguyên lý công thái học: Keycap được thiết kế, bố trí dạng bậc thang, tăng cảm giác thoải mái cho bàn tay.- Tính năng chống nước.- Blue switch cho cảm giác gõ tốt, độ bền lên đến 70 triệu lần nhấn."
KBFC125,Bàn phím cơ Filco Majestouch Convertible 2 Brown switch 87 Black - FKBC87M/EB2,24 tháng,0,3729000,Categories/img/Keyboard/250_34179_keyboard_filco_majestouch_convertible_2_brown_switch_87_black_fkbc87meb2_0002_1.jpg,"- Thương hiệu bàn phím cơ nổi tiếng Nhật Bản.- Phiên bản Convertible 2 có thể kết nối Không Dây qua Bluetooth.- Kết nối được cùng một lúc 5 thiết bị khác nhau.- Switch 100% Cherry cao cấp.- Không đèn Led, nhưng cảm giác gõ phím là tốt nhất trên thị trường."
KBFU036,Bàn phím gaming Fuhlen M87S RGB Mechanical Blue Switch 87 Black ,24 tháng,869000,859000,Categories/img/Keyboard/250_36329_keyboard_fuhlen_m87s_rgb_mechanical_blue_switch_87_black.jpg,- Chiếc bàn phím cơ bán chạy nhất của Fuhlen.- Phiên bản mới 2019 với font chữ đẹp hơn.- Loại bỏ logo Rồng trước đây của Fuhlen.- Loại Switch Huano mới với sự cải tiến chất lương gõ cho cảm giác nhấn tương đương Kailh Switch.- Led RGB sáng nhất trong phân khúc dưới 1 triệu đồng.
KBCS046,Bàn phím cơ Corsair K68 RGB - Cherry MX Red (CH-9102010-NA),24 tháng,3689000,3099000,Categories/img/Keyboard/250_41110_keyboard_corsair_k68_rgb_mechanical_cherry_mx_red_chong_nuoc_bui_0001_1.jpg,"- Bàn phím cơ có khả năng chống tràn nước của Corsair đến từ Mĩ.- Người dùng sẽ không phải lo lắng khi vô tình đổ nước lên bàn phím.- Corsair sử dụng Switch 100% đến từ Cherry cao cấp.- Hệ thống Led RGB 16,8 triệu màu, tùy chỉnh qua driver CUE.- Tính năng chống tràn nước có thể phù hợp với các phòng game cao cấp."
KBCS050,Bàn phím cơ Corsair K70 RGB MK2 Mechanical Cherry MX Brown,24 tháng,0,3499000,Categories/img/Keyboard/250_43018_keyboard_corsair_k70_rgb_mk_2_mechanical_cherry_mx_brown_0000_1.jpg,"- Phiên bản nâng cấp và thay thế cho Corsair K70 RGB.- Sử dụng Switch Cherry MX RGB chất lượng cao cấp nhất.- Hệ thống Led RGB 16,8 triệu màu tùy chỉnh qua Driver CUE*.- Toàn bộ bề mặt bằng nhôm xước, vật liệu chế tạo máy bay.- Hệ thống nút và cuộn Multimedia tiện lợi."
KBCS055,Bàn phím cơ Corsair K70 MK2 Low Profile Cherry Red Switch,24 tháng,4089000,3499000,Categories/img/Keyboard/250_45202_keyboard_corsair_k70_mk2_low_profile_cherry_red_switch_0001_1.jpg,"- Bàn phím cơ cao cấp đến từ Corsair.- Thiết kế mỏng độc đáo và bắt mắt.- Hệ thống Led RGB 16,8 triệu màu.- Loại switch Cherry công nghệ mới Low Profile.- Tín hiệu được đáp ứng nhanh và chính xác hơn."
KBNM059,Bàn phím gaming Newmen GM368 Mechanical Single Led USB Black,24 tháng,1139000,769000,Categories/img/Keyboard/250_47757_keyboard_newmen_gm368_mechanical_usb_black_1.jpg,- Bàn phím gaming Newmen GM368 Mechanical Single Led.- Số phím: 104 phím.- Thiết kế khung phím không viền cho LED sáng hơn.- Tuổi thọ phím lên tới 50 triệu lần bấm.- Keycap được cấu tạo 2 lớp (double-shot) chống mòn ký tự..
KBLP169,Bàn phím cơ Leopold FC210TP Black Numpad Cherry Red Switch,24 tháng,0,1249000,Categories/img/Keyboard/250_51751_mat_chinh_dien_ban_phim_co_leopold_fc210tp_black_numpad_cherry_red_switch.jpg,"- Bàn phím cơ Leopold FC210TP Black Numpad Cherry Red Switch.- Thương hiệu bàn phím cơ lâu đời đến từ Hàn Quốc.- Phiên bản cụm phím số bổ trợ chức năng nhập liệu số cho các loại bàn phím layout Tenkeyless, 60%, v.v...- Keycap chất liệu thick PBT Doubleshot siêu bền.- Sử dụng 100% Switch Cherry chất lượng cao nhất được chọn lọc kĩ càng."
KBDK183,Bàn phím cơ Ducky One 2 TKL RGB Cherry Brown switch,24 tháng,2999000,2599000,Categories/img/Keyboard/250_46807_keyboard_ducky_one_2_tkl_rgb_cherry_brown_switch_0002_1.jpg,"- Bàn phím Ducky One 2 TKL RGB Cherry Brown switch.- Thiết kế tối giản 87 phím, tiện lợi, gọn nhẹ.- Day cáp Type-C tháo rời tiện lợi.- Led RGB 16.8 triệu màu với nhiều hiệu ứng.- Sử dụng switch Cherry MX RGB."
KBLP137,Bàn phím cơ Leopold FC900R PD Dark Gray / Yellow Font PBT Doubleshot Cherry Blue switch ,24 tháng,0,3399000,Categories/img/Keyboard/250_49471_ban_phim_co_leopold_fc900r_pd_dark_gray_yellow_font_pbt_doubleshot_cherry_blue_switch_0000_1.jpg,- Bàn phím cơ Leopold FC900R PD Dark Gray / Yellow Font .- Thương hiệu bàn phím cơ lâu đời đến từ Hàn Quốc.- Phiên bản đặc biệt với thiết kế màu keycap đặc trưng và độc đáo.- Keycap chất liệu PBT Doubleshot siêu bền.- Sử dụng 100% Switch Cherry chất lượng cao nhất được chọn lọc kĩ càng.
KBED019,Bàn phím cơ quang E-Dra EK308 RGB (USB/Optical Switch/Đen),24 tháng,999000,899000,Categories/img/Keyboard/250_51135_ban_phim_co_e_dra_ek308_rgb_optical_switch_usb.jpg,- Bàn phím cơ E-Dra EK308 RGB.- Switch quang cơ optical cho độ bền cao.- Tuổi thọ lên đến 100 triệu lần nhấn.- Tính năng chống nước.- Led RGB 16.8 triệu màu.
KBSS036,Bàn phím cơ SteelSeries APEX 5 RGB Hybrid switch Mechanical Gaming Black,24 tháng,3199000,2889000,Categories/img/Keyboard/250_51985_tong_the_ban_phim_co_steelseries_apex_5_rgb_hybrid_switch_mechanical_gaming_black.jpg,"- Bàn phím cơ SteelSeries APEX 5 RGB Hybrid switch.- Switch cơ Hybrid cho tuổi thọ 20 lần nhấn.- Màn hình OLED hiển thị Profile, thông tin game, tin nhắn Discord....- Được cấu thành từ hợp kim nhôm chế tạo máy bay chắc chắn.- Kê tay nam châm đi kèm vô cùng thoải mái ."
KBAK016,Bàn phím cơ AKKO 3108S RGB PRO Black Cherry MX Red Switch,24 tháng,0,2399000,Categories/img/Keyboard/250_51899_tong_the_ban_phim_co_akko_3108s_rgb_pro_black_cherry_mx_red_switch.jpg,"- Bàn phím cơ AKKO 3108S RGB PRO Black Cherry MX Red Switch.- Model: 3108 (Fullsize, 108 keys).- Kết nối: USB Type C, có thể tháo rời.- Hỗ trợ NKRO.- Keycap: PBT."
KBLO097,Bàn phím cơ Logitech G512 Lightsync RGB GX Clicky Blue switch,24 tháng,2259000,1959000,Categories/img/Keyboard/250_54071_ban_phim_co_logitech_g512_lightsync_rgb_gx_blue_clicky_switch_0001_2.jpg,- Bàn phím cơ chuyên dụng cho game thủ.- Vỏ kim loại phay xước bằng hợp kim vỏ máy bay siêu nhẹ.- Độ hoàn thiện chắc chắn.- Sử dụng Logitech GX Switch.- LED RGB sắc nét.
KBAK093,Bàn phím AKKO 3087 Dragon Ball Z Goku (Akko Switch Pink),24 tháng,1859000,1490000,Categories/img/Keyboard/250_54676_ban_phim_akko_3087_dragon_ball_z_goku_akko_switch_pink_0002_3.jpg,"- Model: 3087 (TKL, 87 keys).- Kết nối: USB Type C, có thể tháo rời.- Hỗ trợ NKRO.- Keycap: PBT Dye-Subbed, OEM profile.- Bàn phím lấy cảm hứng từ nhân vật Goku (Songoku) trong bộ truyện tranh nổi tiếng “7 viên ngọc rồng” hay còn được biết đến với tên tiếng Anh là Dragon Ball. Bàn phím sử dụng tông màu chủ đạo là vàng – cam cùng những họa tiết liên quan đến nhân vật Siêu Xayda Kakalot.."
KBEB032,Bàn phím gaming Eblue EKM045BK USB Black,24 tháng,139000,119000,Categories/img/Keyboard/250_34027_keyboard_eblue_ekm045bk_usb_black_1.jpg,- Bàn phím gaming Eblue EKM045BK USB.- Chuẩn kết nối USB 2.0.- Số lượng phím : 104 nút.
KBLP044,Bàn phím cơ Leopold FC750R PD TKL PBT Doubleshot Brown switch Black ,24 tháng,0,2949000,Categories/img/Keyboard/250_37250_keyboard_leopold_fc750r_pd_tkl_pbt_doubleshot_brown_switch_black_0000_4.jpg,"- Thương hiệu bàn phím cơ lâu đời đến từ Hàn Quốc.- Keycap chất liệu PBT Doubleshot siêu bền .- Sử dụng 100% Switch Cherry chất lượng cao nhất.- Không có hệ thống đèn Led, nhưng tối ưu tốt cảm giác gõ.- Dây cáp Mini-USB có thể tháo rời."
KBDK161,Bàn phím cơ Ducky One Horizon Fullsize Red Switch,24 tháng,2749000,2299000,Categories/img/Keyboard/250_40581_ban_phim_ducky_one_horizon_fullsize_red_switch_0000_1.jpg,- Bàn phím cơ cao cấp trong series Không Led đến từ Ducky.- Thiết kế mỏng nhất có thể để giảm thiểu tổn thương lên cổ tay.- Keycap được nâng cấp lên chất liệu nhựa PBT Doubleshot cao cấp .- Ducky luôn sử dụng 100% Cherry Switch cho sản phẩm của mình.- Phù hợp với các game thủ thích sự đơn giản của bàn phím.
KBDG031,Bàn phím cơ Durgod Taurus K310 Corona Obsidian Black Mechanical Cherry Blue Switch US,24 tháng,2649000,2299000,Categories/img/Keyboard/250_44629_keyboard_durgod_taurus_k310_corona_obsidian_black_mechanical_cherry_blue_switch_us_0000_1.jpg,"- Thương hiệu bàn phím cơ Durgod hoàn toàn mới.- Được sản xuất và lắp ráp tại nhà máy uy tín tại Trung Quốc.- Chất lượng tổng thể cứng cáp, chắc chắn.- Switch sử dụng 100% Cherry MX from Germany.- Anti-Ghosting 100% và NKRO qua cổng USB."
KBDG057,Bàn phím cơ Durgod V87 Mechanical Cherry Brown Switch Black,24 tháng,0,1699000,Categories/img/Keyboard/250_45286_keyboard_durgod_v87_mechanical_cherry_brown_switch_black_0000_1.jpg,"- Thương hiệu bàn phím cơ Durgod hoàn toàn mới.- Được sản xuất và lắp ráp tại nhà máy uy tín tại Trung Quốc.- Chất lượng tổng thể cứng cáp, chắc chắn.- Switch sử dụng 100% Cherry MX from Germany.- Anti-Ghosting 100% và NKRO qua cổng USB."
KBDG076,Bàn phím cơ Durgod V104 Mechanical Cherry Brown Switch Black,24 tháng,1999000,1799000,Categories/img/Keyboard/250_52812_ban_phim_co_durgod_v104_mechanical_cherry_brown_switch_black_0000_1.jpg,"- Bàn phím cơ Durgod V104 Mechanical Cherry Brown Switch Black.- Thương hiệu bàn phím cơ Durgod hoàn toàn mới.- Được sản xuất và lắp ráp tại nhà máy uy tín tại Trung Quốc.- Chất lượng tổng thể cứng cáp, chắc chắn.- Switch sử dụng 100% Cherry MX from Germany."
KBED048,Bàn phím cơ E-Dra EK3087 (USB/Blue Led/Outemu Red switch),24 tháng,599000,499000,Categories/img/Keyboard/250_53098_ban_phim_co_e_dra_ek3087_bac_0002_3.jpg,- Bàn phím cơ E-Dra EK3087 Bạc .- Thiết kế Layout TKL 87 phím gọn nhẹ.- Switch Outemu cho độ bền cao .- Led đơn màu.
KBED061,Bàn phím cơ E-Dra EK361W White (Outemu Red switch/ABS/USB/Led RGB/Trắng),24 tháng,1029000,859000,Categories/img/Keyboard/250_54671_ban_phim_co_e_dra_ek361w_white_outemu_red_switch_abs_usb_led_rgb_trang_1.jpg,- Bàn phím cơ E-DRA EK361W Bluetooth Red switch.- Bàn phím cơ không dây.- Switch Outemu độ bền 50 triệu lần bấm.- Kết nối Bluetooth thông dụng.- Layout 61 phím.
KBMM005,Bàn phím cơ Mistel X8 Gloaming (USB/Cherry Blue switch),24 tháng,2989000,2649000,Categories/img/Keyboard/250_54914_ban_phim_mistel_sleeker_x_viii_gloaming_cherry_blue_switch_0002_3.jpg,- Bàn phím Mistel Sleeker X-VIII Gloaming.- Bàn phím Fullsize 108 phím.- Chuẩn kết nối : Type-C tiện lợi (cáp có thể tháo rời).- Keycap PBT Doubleshot.- Sử dung switch Cherry MX cho độ bền và cảm giác gõ cực tốt.
KBRZ084,Bàn phím cơ Razer Huntsman Mini Mercury ( Linear Red optical switch) (RZ03-03390400-R3M1) ,24 tháng,4219000,3689000,Categories/img/Keyboard/250_55391_ba_n_phi_m_co_razer_huntsman_mini_mercury_rz03_03390400_r3m1_0000_1.jpg,- Bàn phím cơ Razer Huntsman Mini Mercury.- Thiết kế 60% nhỏ gọn.- Keycap PBT Doubleshot bền bỉ .- Tính năng Onboard Memory và tuỳ chỉnh các hiệu ứng led có sẵn trên phím.- Kết nối chuẩn Type-C có thể tháo rời dây cáp.
KBKE018,Bàn phím cơ Keychron K6 O2 (Gateron Blue switch/nhựa/đơn led),24 tháng,2029000,1689000,Categories/img/Keyboard/250_55568_ban_phim_co_keychron_k6_o2_gateron_blue_switch_nhua_don_led.jpg,- Bàn phím cơ Keychron K6.- Thiết kế mini 65% gọn nhẹ .- Khung nhựa chắc chắn.- Kết nối : Bluetooth / Cáp Type-C tiện lợi. Kết nối cùng lúc với 3 thiết bị.- Tương thích tốt với Window / MAC.
KBDA056,Bàn Phím cơ Dareu EK1280s Pink White (USB/Multi LED/Blue switch),24 tháng,1019000,849000,Categories/img/Keyboard/250_56033_ban_phim_co_dareu_ek1280s_pink_white_usb_multi_led_blue_switch_0000_1.jpg,"- Bàn Phím cơ Dareu EK1280s Pink White.- Phiên bản màu Hồng - Trắng.- LED màu HỒNG.- Sử dụng Switch ""D"" siêu bền của DareU.- Chuẩn layout ANSI."
KBDE037,Bàn phím Dell KB216B (USB/Đen),24 tháng,219000,199000,Categories/img/Keyboard/250_52032_tong_the_ban_phim_dell_kb216b_usb_co_day_199000.jpg,- Bàn phím Dell KB216B .- Chuẩn kết nối USB 2.0.- Phím chức năng Multimedia tiện lợi.
KBAK018,Bàn phím cơ AKKO 3108S RGB PRO Pink Cherry MX Brown Switch,24 tháng,0,2399000,Categories/img/Keyboard/250_51901_tong_the_ban_phim_co_akko_3108s_rgb_pro_pink_cherry_mx_brown_switch.jpg,"- Bàn phím cơ AKKO 3108S RGB PRO Pink Cherry MX Red Switch.- Model: 3108 (Fullsize, 108 keys).- Kết nối: USB Type C, có thể tháo rời.- Hỗ trợ NKRO.- Keycap: PBT."
KBED043,Bàn phím cơ E-Dra EK387 Pro PBT Cherry Blue switch Đen Xám,24 tháng,1799000,1349000,Categories/img/Keyboard/250_52718_ban_phim_co_e_dra_ek387_pro_pbt_cherry_blue_switch_den_xam_0001.jpg,- Bàn phím cơ E-Dra EK387 Pro PBT Cherry Blue switch.- Thiết kế 87 phím nhỏ gọn.- Sử dung switch cherry nổi tiếng của Đức.- Keycap PBT Doubleshot.
KBED052,Bàn phím cơ E-Dra EK3104 Pro (Cherry Blue switch/PBT/USB/Đen),24 tháng,1849000,1599000,Categories/img/Keyboard/250_54662_ban_phim_co_e_dra_ek3104_pro_cherry_blue_switch_pbt_usb_den_1.png,"- Bàn phím cơ E-DRA EK3104 Pro Blue switch.- Bàn phím cơ sử dụng switch Cherry danh tiếng.- Thiết kế 104 phím tiêu chuẩn.- Keycap PBT Double Shot chống bóng, siêu bền.- Dây USB tháo rời với jack nối trên phím Type C."
KBAK095,Bàn phím AKKO 3087 Dragon Ball Z Goku (Cherry Switch Brown),24 tháng,2719000,2299000,Categories/img/Keyboard/250_54678_ban_phim_akko_3087_dragon_ball_z_goku_cherry_switch_brown_0002_3.jpg,"- Bàn phím AKKO 3087 Dragon Ball Z Goku.- Model: 3087 (TKL, 87 keys).- Kết nối: USB Type C, có thể tháo rời.- Hỗ trợ NKRO.- Keycap: PBT Dye-Subbed, OEM profile."
KBAK103,Bàn phím AKKO 3108 DS Midnight (USB/Akko Switch Blue),12 tháng,1139000,949000,Categories/img/Keyboard/250_55407_ban_phim_akko_3108_ds_midnight_usb_akko_switch_blue_0004_5.jpg,"- Bàn phím AKKO 3108 DS Midnight.- Model: 3108 (Fullsize, 108 keys).- Kết nối: USB Type C, có thể tháo rời – Kích thước: 442 x 140 x 40mm.- Hỗ trợ NKRO.- Keycap: PBT Double-Shot, Cherry profile."
KBKE025,Bàn phím cơ Keychron K8 A3 (Gateron Brown switch/nhựa/đơn led/),24 tháng,2149000,1789000,Categories/img/Keyboard/250_55575_ban_phim_co_keychron_k8_a3_gateron_brown_switch_nhua_don_led.jpg,"- Bàn phím cơ Keychron K8.- Thiết kế layout Tenkeyless truyền thống.- Kiểu kết nối : Bluetooth / Cable Type-C.- Trang bị kết nối Bluetooth 5.1 cao cấp, có khả năng kết nối 3 thiết bị cùng lúc.- Tương thích tốt với Layout của Mac."
KBAK110,Bàn phím cơ AKKO 3087 v2 One Piece - Chopper (USB/AKKO Orange switch),24 tháng,1799000,1499000,Categories/img/Keyboard/250_55901_ban_phim_co_akko_3087_v2_one_piece_chopper_usb_akko_orange_switch_0000_1.jpg,"- Bàn phím cơ AKKO 3087 v2 One Piece - Chopper.- Model: 3087 (TKL, 87 keys).- Kết nối: USB Type C, có thể tháo rời – Kích thước: 442 x 140 x 40mm.- Hỗ trợ NKRO.- Keycap: PBT Dye-Subbed, OEM profile."
KBAK126,Bàn phím cơ AKKO 3108 v2 One Piece - Chopper (USB/AKKO Pink switch),24 tháng,2039000,1699000,Categories/img/Keyboard/250_55917_ban_phim_co_akko_3108_v2_one_piece_chopper_usb_akko_pink_switch_0000_1.jpg,"- Bàn phím cơ AKKO 3108 v2 One Piece - Chopper.- Model: 3108 (Fullsize, 108 keys).- Kết nối: USB Type C, có thể tháo rời – Kích thước: 442 x 140 x 40mm.- Hỗ trợ NKRO.- Keycap: PBT Dye-Subbed, OEM profile."
KBRZ087,Bàn phím Razer Pokemon Pikachu (USB/RGB/Membrane switch/Limited) (RZ03-02043700-R3D1),24 tháng,3189000,2899000,Categories/img/Keyboard/250_56142_ba_n_phi_m_razer_pokemon_pikachu_usb_rgb_membrane_switch_limited_rz03_02043700_r3d1_0002_3.jpg,- Bàn phím Razer Pokemon Pikachu.- Model : Razer Ornata Expert.- Switch : Giả cơ.- Đèn led : Vàng.- Đi kèm kê tay in hoạ tiết Pikachu cực đẹp.
KBAK132,Bàn phím AKKO 3108 Dragon Ball Z - Frieza (Akko Pink sw),24 tháng,2069000,1799000,Categories/img/Keyboard/250_56594_ban_phim_akko_3108_dragon_ball_z_frieza_akko_pink_sw_0005_6.jpg,"- Bàn phím AKKO 3108 Dragon Ball Z - Frieza.- Model: 3108 (Fullsize, 108 keys).- Kết nối: USB Type C, có thể tháo rời – Kích thước: 442 x 140 x 40mm – Cân nặng: 1.2kg.- Hỗ trợ NKRO.- Keycap: PBT Dye-Subbed, OEM profile."
KBFU004,Bàn phím Fuhlen L411 USB Black,24 tháng,0,189000,Categories/img/Keyboard/250_10802_keyboard_fuhlen_l411_usb_black.jpg,- Bàn phím Fuhlen L411.- Kiểu kết nối: Có dây .- Chuẩn kết nối: USB .- Phím chức năng: Standard .- Màu: Đen.
KBLO062,Bàn phím Logitech K480 Bluetooth,24 tháng,1099000,799000,Categories/img/Keyboard/250_32202_keyboard_logitech_k480_bluetooth_0000_1.jpg,"- Bàn phím Bluetooth Logitech K480.- Hỗ trợ kết nối 3 thiết bị không dây cùng lúc.- Dễ dàng chuyển đổi thiết bị bằng công tắc Easy-Switch.- Layout thiết kế phù hợp cho các hệ điều hành Window, MAC."
KBFU038,Bàn phím gaming Fuhlen D Destroyer Mechanical Blue Switch Black,24 tháng,1319000,999000,Categories/img/Keyboard/250_36374_keyboard_fuhlen_d_destroyer_mechanical_blue_switch_black.jpg,- Bàn phím với công nghệ Switch mới của Fuhlen.- Kết hợp giữa Cơ Học và Quang Học.- Cảm giác gõ gần tương tự Cherry Blue Switch.- Tuổi thọ của Switch được tăng cường.- Hệ thống Led nhiều màu sắc và hiệu ứng khác nhau.
KBGI029,Bàn phím cơ GIGABYTE AORUS K7 RGB - Cherry Red Switch,24 tháng,0,2790000,Categories/img/Keyboard/250_42763_gigabye_aorusk7.jpg,- Bàn phím GIGABYTE AORUS K7 RGB.- Sử dụng switch Cherry MX cho độ bền cao.- Led RGB với tính năng RGB Fusion đồng bộ với các linh kiện khác của Gigabyte.- Đầy đủ phím chức năng Multimedia.- Tính năng Anti-Ghosting.
KBCS052,Bàn phím cơ Corsair K70 RGB MK2 Mechanical Cherry MX Red,24 tháng,3799000,3499000,Categories/img/Keyboard/250_43020_keyboard_corsair_k70_rgb_mk_2_mechanical_cherry_mx_red_0000_1.jpg,"- Phiên bản nâng cấp và thay thế cho Corsair K70 RGB.- Sử dụng Switch Cherry MX RGB chất lượng cao cấp nhất.- Hệ thống Led RGB 16,8 triệu màu tùy chỉnh qua Driver CUE*.- Toàn bộ bề mặt bằng nhôm xước, vật liệu chế tạo máy bay.- Hệ thống nút và cuộn Multimedia tiện lợi."
KBNM006,Bàn phím gaming Newmen E335P - USB,24 tháng,199000,159000,Categories/img/Keyboard/250_48308_ban_phim_newmen_e335p_usb_1.jpg,- No information
KBDA030,Bàn phím cơ Dareu EK815 Mechanical Brown Switch Black,24 tháng,0,749000,Categories/img/Keyboard/250_46298_keyboard_dareu_ek815_mechanical_brown_switch_black_1.jpg,"- Bàn phím Dareu EK815.- Bàn phím fullsize 104 phím.- Sử dụng ""D"" Switch độc quyền DareU.- Hỗ trợ NKRO.- Đèn led nhiều màu."
KBED024,Bàn phím cơ E-Dra EK387 Mechanical Gaming Outemu Brown switch White Case Blue Led USB,24 tháng,0,649000,Categories/img/Keyboard/250_51208_ban_phim_co_e_dra_ek387_mechanical_gaming_outemu_brown_switch_white_case_blue_led_usb.jpg,- Bàn phím cơ E-Dra EK387 Mechanical Gaming Outemu Brown switch White Case Blue Led USB.- Phiên bản led 1 màu Blue.- Bàn phím cơ sử dụng switch Outemu siêu bền.- Thiết kế 87 phím nhỏ gọn.- Keycaps ABS Double shot.
KBVM036,Bàn phím cơ Varmilo VA108M Sakura - Mechanical Cherry Brown Switch,24 tháng,3899000,3669000,Categories/img/Keyboard/250_48463_ban_phim_co_varmilo_va108m_sakura_mechanical_cherry_brown_switch_0003_1.jpg,"- Bàn phím cơ Varmilo VA108M Sakura.- Phiên bản đặc biệt mang phong cách hoa anh đào Nhật Bản.- Chất liệu keycap làm bằng nhựa PBT, công nghệ in Dye-Sub bền bỉ.- Dây cáp có thể tháo rời.- Sử dụng switch Cherry MX cho cảm giác gõ rất tốt."
KBAK090,Bàn phím AKKO ACG84 Dragon Ball Super Goku - Cherry Switch Red,24 tháng,2789000,2149000,Categories/img/Keyboard/250_54626_ban_phim_akko_acg84_dragon_ball_super_goku_cherry_switch_red_0003_4.jpg,"- Bàn phím AKKO ACG84 Dragon Ball Super Goku.- Model: 3084 (84 keys).- Kết nối: USB Type C, có thể tháo rời.- Hỗ trợ NKRO.- Keycap: PBT Dye-Subbed, OEM profile."
KBRZ088,Bàn phím Không dây Razer BlackWidow V3 Pro (USB Wireless/Green switch/Bluetooth) (RZ03-03530100-R3M1),24 tháng,6889000,5989000,Categories/img/Keyboard/250_56225_ba_n_phi_m_khong_day_razer_blackwidow_v3_pro_rz03_03530100_r3m1_0001_2.jpg,- Bàn phím Không dây Razer BlackWidow V3 Pro.- Phiên bản bàn phím không day của Razer BlackWidow V3.- Kết nối đa dạng với HyperSpeed Wireless / Bluetooth / Dây cáp Type-C.- Sử dụng switch cơ học độc quyền của Razer với phần housing được làm trong suốt giúp cho đèn led hiển thị đẹp hơn.- Keycap ABS Doubleshot.
KBFU053,Bàn phím gaming Fuhlen M87S RGB Mechanical Red Switch 87 Black,24 tháng,0,789000,Categories/img/Keyboard/250_46863_keyboard_fuhlen_m87s_rgb_mechanical_red_switch_87_black.jpg,- No information
KBLP155,Bàn phím cơ Leopold FC750R White Pink OE Cherry Red Switch,24 tháng,3149000,2899000,Categories/img/Keyboard/250_51737_mat_chinh_dien_ban_phim_co_leopold_fc750r_white_pink_oe_cherry_red_switch.jpg,- Bàn phím cơ Leopold FC750R White Pink OE.- Thương hiệu bàn phím cơ lâu đời đến từ Hàn Quốc.- Phiên bản đặc biệt với thiết kế màu keycap đặc trưng và độc đáo.- Keycap chất liệu PBT Doubleshot siêu bền.- Profile OEM thông thường dành cho những ai không quen keycap Low Profile.
KBDG069,Bàn phím cơ Durgod Taurus K320 Corona Obsidian Black - Mechanical PBT Cherry Blue switch White Led,24 tháng,2149000,1899000,Categories/img/Keyboard/250_46879_keyboard_durgod_taurus_k320_corona_obsidian_black_mechanical_pbt_cherry_blue_switch_white_led_0000_1.jpg,- Bàn phím Durgod Taurus K320 Corona Obsidian Black.- Thiết kế TKL 87 phím gọn nhẹ.- Led Trắng.- Sử dụng switch Cherry MX.- Keycap : PBT DoubleShot.
KBVM010,Bàn phím cơ Varmilo VA87M Sea Melody  - Mechanical Cherry Red switch,24 tháng,3399000,3089000,Categories/img/Keyboard/250_47104_keyboard_varmilo_va87m_sea_melody_mechanical_cherry_red_switch_0002_1.jpg,"- Bàn phím cơ Varmilo VA87M Sea Melody.- Thiết kế phong cách  biển cả độc đáo.- Keycap làm bằng nhựa PBT, in Dye-sub bên bỉ.- Sử dung switch Cherry MX cho cảm giác gõ rất tốt."
KBIK041,Bàn phím IKBC CD87 PD (TKL/PBT Doubleshot/Cherry Brown switch),24 tháng,0,1759000,Categories/img/Keyboard/250_51248_ikbc_cd87_1.jpg,"- Bàn phím cơ IKBC CD87 phiên bản PD.- Keycap PBT Doubleshot (PD) dày dặn chắc chắn.- Sử dụng kết nối dây rời USB.- Dùng Switch Cherry nổi tiếng cho cảm giác gõ tốt và độ bền cao.- Build quality chắc chắn, chất lượng rất tốt trong tầm giá."
KBAK003,Bàn phím cơ AKKO 3084 World Tour Tokyo Pink Switch,24 tháng,0,1299000,Categories/img/Keyboard/250_51886_tong_the_ban_phim_co_akko_3084_world_tour_tokyo_pink_switch.jpg,"- Bàn phím cơ AKKO 3084 World Tour Tokyo Pink Switch.- Model: 3084 (84 keys).- Kết nối: USB Type C, có thể tháo rời.- Hỗ trợ NKRO.- Keycap: 85% PBT."
KBAK019,Bàn phím cơ AKKO 3108S RGB PRO Pink Cherry MX Red Switch,24 tháng,0,2399000,Categories/img/Keyboard/250_51902_tong_the_ban_phim_co_akko_3108s_rgb_pro_pink_cherry_mx_red_switch.jpg,"- Bàn phím cơ AKKO 3108S RGB PRO Pink Cherry MX Red Switch.- Model: 3108 (Fullsize, 108 keys).- Kết nối: USB Type C, có thể tháo rời.- Hỗ trợ NKRO.- Keycap: PBT."
KBED044,Bàn phím cơ E-Dra EK387 Pro PBT Cherry Brown switch Đen Xám,24 tháng,1799000,1349000,Categories/img/Keyboard/250_52719_ban_phim_co_e_dra_ek387_pro_pbt_cherry_brown_switch_den_xam_0001.jpg,- Bàn phím cơ E-Dra EK387 Pro PBT Cherry Brown switch.- Thiết kế 87 phím nhỏ gọn.- Sử dung switch cherry nổi tiếng của Đức.- Keycap PBT Doubleshot.
